Supply_ID,Year,mean_available_power,Status,Status_encoded
SUPPLY001,2005,0.0,C,1
SUPPLY001,2006,0.0,C,1
SUPPLY001,2007,0.0,C,1
SUPPLY001,2008,0.0,C,1
SUPPLY001,2009,0.0,C,1
SUPPLY001,2010,0.0,C,1
SUPPLY001,2011,0.0,C,1
SUPPLY001,2012,0.0,C,1
SUPPLY001,2013,12.375,M,3
SUPPLY001,2014,16.5,A,0
SUPPLY001,2015,16.5,A,0
SUPPLY001,2016,16.5,A,0
SUPPLY001,2017,16.5,A,0
SUPPLY001,2018,16.5,A,0
SUPPLY001,2019,16.5,A,0
SUPPLY001,2020,16.5,A,0
SUPPLY001,2021,16.5,A,0
SUPPLY001,2022,16.5,A,0
SUPPLY001,2023,16.5,A,0
SUPPLY001,2024,16.5,A,0
SUPPLY002,1999,0.0,A,0
SUPPLY002,2000,0.0,A,0
SUPPLY002,2001,0.0,A,0
SUPPLY002,2002,0.0,A,0
SUPPLY002,2003,0.0,A,0
SUPPLY002,2004,0.0,A,0
SUPPLY002,2005,0.0,A,0
SUPPLY002,2006,2.2,A,0
SUPPLY002,2007,3.3,A,0
SUPPLY002,2008,3.3,A,0
SUPPLY002,2009,3.3,A,0
SUPPLY002,2010,3.3,A,0
SUPPLY002,2011,3.3,A,0
SUPPLY002,2012,3.3,A,0
SUPPLY002,2013,3.3,A,0
SUPPLY002,2014,3.3,A,0
SUPPLY002,2015,3.3,A,0
SUPPLY002,2016,3.3,A,0
SUPPLY002,2017,3.3,A,0
SUPPLY002,2018,3.3,A,0
SUPPLY002,2019,3.3,A,0
SUPPLY002,2020,3.3,A,0
SUPPLY002,2021,3.3,A,0
SUPPLY002,2022,3.3,A,0
SUPPLY002,2023,3.3,A,0
SUPPLY002,2024,3.3,A,0
SUPPLY003,1999,0.0,A,0
SUPPLY003,2000,0.0,A,0
SUPPLY003,2001,0.0,A,0
SUPPLY003,2002,0.0,A,0
SUPPLY003,2003,0.0,A,0
SUPPLY003,2004,0.0,A,0
SUPPLY003,2005,0.0,A,0
SUPPLY003,2006,2.475,A,0
SUPPLY003,2007,2.2,M,3
SUPPLY003,2008,3.3,A,0
SUPPLY003,2009,3.3,A,0
SUPPLY003,2010,3.3,A,0
SUPPLY003,2011,3.3,A,0
SUPPLY003,2012,1.65,M,3
SUPPLY003,2013,3.3,A,0
SUPPLY003,2014,3.3,A,0
SUPPLY003,2015,3.3,A,0
SUPPLY003,2016,3.3,A,0
SUPPLY003,2017,3.3,A,0
SUPPLY003,2018,3.3,A,0
SUPPLY003,2019,3.3,A,0
SUPPLY003,2020,4.95,A,0
SUPPLY003,2021,6.6,A,0
SUPPLY003,2022,6.6,A,0
SUPPLY003,2023,6.6,A,0
SUPPLY003,2024,6.6,A,0
SUPPLY004,1999,0.0,A,0
SUPPLY004,2000,0.0,A,0
SUPPLY004,2001,0.0,A,0
SUPPLY004,2002,0.0,A,0
SUPPLY004,2003,0.0,A,0
SUPPLY004,2004,0.0,A,0
SUPPLY004,2005,0.0,A,0
SUPPLY004,2006,2.2,A,0
SUPPLY004,2007,3.3,A,0
SUPPLY004,2008,3.3,A,0
SUPPLY004,2009,3.3,A,0
SUPPLY004,2010,3.3,A,0
SUPPLY004,2011,3.3,A,0
SUPPLY004,2012,3.3,A,0
SUPPLY004,2013,3.3,A,0
SUPPLY004,2014,3.3,A,0
SUPPLY004,2015,3.3,A,0
SUPPLY004,2016,3.3,A,0
SUPPLY004,2017,3.3,A,0
SUPPLY004,2018,3.3,A,0
SUPPLY004,2019,3.3,A,0
SUPPLY004,2020,3.3,A,0
SUPPLY004,2021,3.3,A,0
SUPPLY004,2022,3.3,A,0
SUPPLY004,2023,3.3,A,0
SUPPLY004,2024,3.3,A,0
SUPPLY005,2003,0.0,M,3
SUPPLY005,2004,0.0,A,0
SUPPLY005,2005,0.0,A,0
SUPPLY005,2006,2.2,A,0
SUPPLY005,2007,3.3,A,0
SUPPLY005,2008,2.475,M,3
SUPPLY005,2009,3.3,A,0
SUPPLY005,2010,3.3,A,0
SUPPLY005,2011,3.3,A,0
SUPPLY005,2012,3.3,A,0
SUPPLY005,2013,3.3,A,0
SUPPLY005,2014,4.15,A,0
SUPPLY005,2015,5.0,A,0
SUPPLY005,2016,5.0,A,0
SUPPLY005,2017,5.0,A,0
SUPPLY005,2018,5.0,A,0
SUPPLY005,2019,5.0,A,0
SUPPLY005,2020,5.0,A,0
SUPPLY005,2021,5.0,A,0
SUPPLY005,2022,5.0,A,0
SUPPLY005,2023,5.0,A,0
SUPPLY005,2024,5.0,A,0
SUPPLY006,1999,0.0,A,0
SUPPLY006,2000,0.0,A,0
SUPPLY006,2001,0.0,A,0
SUPPLY006,2002,0.0,A,0
SUPPLY006,2003,0.0,A,0
SUPPLY006,2004,0.0,A,0
SUPPLY006,2005,0.0,A,0
SUPPLY006,2006,2.2,A,0
SUPPLY006,2007,3.3,A,0
SUPPLY006,2008,3.3,A,0
SUPPLY006,2009,3.3,A,0
SUPPLY006,2010,3.3,A,0
SUPPLY006,2011,3.3,A,0
SUPPLY006,2012,3.3,A,0
SUPPLY006,2013,3.3,A,0
SUPPLY006,2014,3.3,A,0
SUPPLY006,2015,3.3,A,0
SUPPLY006,2016,3.3,A,0
SUPPLY006,2017,3.3,A,0
SUPPLY006,2018,3.3,A,0
SUPPLY006,2019,3.3,A,0
SUPPLY006,2020,3.3,A,0
SUPPLY006,2021,3.3,A,0
SUPPLY006,2022,3.3,A,0
SUPPLY006,2023,3.3,A,0
SUPPLY006,2024,3.3,A,0
SUPPLY007,2006,1.65,A,0
SUPPLY007,2007,3.3,A,0
SUPPLY007,2008,3.3,A,0
SUPPLY007,2009,3.3,A,0
SUPPLY007,2010,3.3,A,0
SUPPLY007,2011,3.3,A,0
SUPPLY007,2012,3.3,A,0
SUPPLY007,2013,3.3,A,0
SUPPLY007,2014,3.3,A,0
SUPPLY007,2015,3.3,A,0
SUPPLY007,2016,3.3,A,0
SUPPLY007,2017,3.3,A,0
SUPPLY007,2018,3.3,A,0
SUPPLY007,2019,3.3,A,0
SUPPLY007,2020,3.3,A,0
SUPPLY007,2021,3.3,A,0
SUPPLY007,2022,3.3,A,0
SUPPLY007,2023,3.3,A,0
SUPPLY007,2024,3.3,A,0
SUPPLY008,1999,0.0,A,0
SUPPLY008,2000,0.0,A,0
SUPPLY008,2001,0.0,A,0
SUPPLY008,2002,0.0,A,0
SUPPLY008,2003,0.0,A,0
SUPPLY008,2004,0.0,A,0
SUPPLY008,2005,0.0,A,0
SUPPLY008,2006,2.2,A,0
SUPPLY008,2007,3.3,A,0
SUPPLY008,2008,3.3,A,0
SUPPLY008,2009,3.3,A,0
SUPPLY008,2010,3.3,A,0
SUPPLY008,2011,3.3,A,0
SUPPLY008,2012,3.3,A,0
SUPPLY008,2013,3.3,A,0
SUPPLY008,2014,3.3,A,0
SUPPLY008,2015,3.3,A,0
SUPPLY008,2016,3.3,A,0
SUPPLY008,2017,3.3,A,0
SUPPLY008,2018,3.3,A,0
SUPPLY008,2019,3.3,A,0
SUPPLY008,2020,3.3,A,0
SUPPLY008,2021,3.3,A,0
SUPPLY008,2022,3.3,A,0
SUPPLY008,2023,3.3,A,0
SUPPLY008,2024,3.3,A,0
SUPPLY009,1999,0.0,A,0
SUPPLY009,2000,0.0,A,0
SUPPLY009,2001,0.0,A,0
SUPPLY009,2002,0.0,A,0
SUPPLY009,2003,0.0,A,0
SUPPLY009,2004,0.0,A,0
SUPPLY009,2005,0.0,A,0
SUPPLY009,2006,2.2,A,0
SUPPLY009,2007,3.3,A,0
SUPPLY009,2008,3.3,A,0
SUPPLY009,2009,3.3,A,0
SUPPLY009,2010,3.3,A,0
SUPPLY009,2011,3.3,A,0
SUPPLY009,2012,3.3,A,0
SUPPLY009,2013,3.3,A,0
SUPPLY009,2014,3.3,A,0
SUPPLY009,2015,3.3,A,0
SUPPLY009,2016,3.3,A,0
SUPPLY009,2017,3.3,A,0
SUPPLY009,2018,3.3,A,0
SUPPLY009,2019,3.3,A,0
SUPPLY009,2020,3.3,A,0
SUPPLY009,2021,3.3,A,0
SUPPLY009,2022,3.3,A,0
SUPPLY009,2023,3.3,A,0
SUPPLY009,2024,3.3,A,0
SUPPLY010,2000,0.0,C,1
SUPPLY010,2001,0.0,C,1
SUPPLY010,2002,0.0,C,1
SUPPLY010,2003,0.0,C,1
SUPPLY010,2004,0.0,C,1
SUPPLY010,2005,0.0,C,1
SUPPLY010,2006,0.0,C,1
SUPPLY010,2007,0.0,C,1
SUPPLY010,2008,0.0,C,1
SUPPLY010,2009,2.75,M,3
SUPPLY010,2010,3.3,A,0
SUPPLY010,2011,3.3,A,0
SUPPLY010,2012,3.3,A,0
SUPPLY010,2013,3.3,A,0
SUPPLY010,2014,3.3,A,0
SUPPLY010,2015,2.64,M,3
SUPPLY010,2016,3.3,A,0
SUPPLY010,2017,3.3,A,0
SUPPLY010,2018,3.3,A,0
SUPPLY010,2019,3.3,A,0
SUPPLY010,2020,3.3,A,0
SUPPLY010,2021,3.3,A,0
SUPPLY010,2022,3.3,A,0
SUPPLY010,2023,3.3,A,0
SUPPLY010,2024,3.3,A,0
SUPPLY011,2003,0.0,C,1
SUPPLY011,2004,0.0,C,1
SUPPLY011,2005,0.0,C,1
SUPPLY011,2006,0.0,C,1
SUPPLY011,2007,3.333,M,3
SUPPLY011,2008,5.0,A,0
SUPPLY011,2009,5.0,A,0
SUPPLY011,2010,5.0,A,0
SUPPLY011,2011,5.0,A,0
SUPPLY011,2012,5.0,A,0
SUPPLY011,2013,5.0,A,0
SUPPLY011,2014,5.0,A,0
SUPPLY011,2015,5.0,A,0
SUPPLY011,2016,5.0,A,0
SUPPLY011,2017,5.0,A,0
SUPPLY011,2018,5.0,A,0
SUPPLY011,2019,5.0,A,0
SUPPLY011,2020,5.0,A,0
SUPPLY011,2021,5.0,A,0
SUPPLY011,2022,5.0,A,0
SUPPLY011,2023,5.0,A,0
SUPPLY011,2024,5.0,A,0
SUPPLY012,1999,0.0,A,0
SUPPLY012,2000,0.0,A,0
SUPPLY012,2001,0.0,A,0
SUPPLY012,2002,0.0,A,0
SUPPLY012,2003,0.0,A,0
SUPPLY012,2004,0.0,A,0
SUPPLY012,2005,0.0,A,0
SUPPLY012,2006,2.2,A,0
SUPPLY012,2007,3.3,A,0
SUPPLY012,2008,3.3,A,0
SUPPLY012,2009,3.3,A,0
SUPPLY012,2010,3.3,A,0
SUPPLY012,2011,3.3,A,0
SUPPLY012,2012,3.3,A,0
SUPPLY012,2013,3.3,A,0
SUPPLY012,2014,3.3,A,0
SUPPLY012,2015,3.3,A,0
SUPPLY012,2016,3.3,A,0
SUPPLY012,2017,3.3,A,0
SUPPLY012,2018,3.3,A,0
SUPPLY012,2019,3.3,A,0
SUPPLY012,2020,3.3,A,0
SUPPLY012,2021,3.3,A,0
SUPPLY012,2022,3.3,A,0
SUPPLY012,2023,3.3,A,0
SUPPLY013,1999,0.0,A,0
SUPPLY013,2000,0.0,A,0
SUPPLY013,2001,0.0,A,0
SUPPLY013,2002,0.0,A,0
SUPPLY013,2003,0.0,A,0
SUPPLY013,2004,0.0,A,0
SUPPLY013,2005,0.0,A,0
SUPPLY013,2006,2.2,A,0
SUPPLY013,2007,3.3,A,0
SUPPLY013,2008,3.3,A,0
SUPPLY013,2009,3.3,A,0
SUPPLY013,2010,3.3,A,0
SUPPLY013,2011,3.3,A,0
SUPPLY013,2012,3.3,A,0
SUPPLY013,2013,3.3,A,0
SUPPLY013,2014,3.3,A,0
SUPPLY013,2015,3.3,A,0
SUPPLY013,2016,3.3,A,0
SUPPLY013,2017,3.3,A,0
SUPPLY013,2018,3.3,A,0
SUPPLY013,2019,3.3,A,0
SUPPLY013,2020,3.3,A,0
SUPPLY013,2021,3.3,A,0
SUPPLY013,2022,3.3,A,0
SUPPLY013,2023,3.3,A,0
SUPPLY013,2024,3.3,A,0
SUPPLY014,2003,0.0,C,1
SUPPLY014,2004,0.0,C,1
SUPPLY014,2005,0.0,C,1
SUPPLY014,2006,2.2,M,3
SUPPLY014,2007,3.3,A,0
SUPPLY014,2008,3.3,A,0
SUPPLY014,2009,3.3,A,0
SUPPLY014,2010,3.3,A,0
SUPPLY014,2011,3.3,A,0
SUPPLY014,2012,3.3,A,0
SUPPLY014,2013,3.3,A,0
SUPPLY014,2014,3.3,A,0
SUPPLY014,2015,1.65,M,3
SUPPLY014,2016,1.65,M,3
SUPPLY014,2017,3.3,A,0
SUPPLY014,2018,3.3,A,0
SUPPLY014,2019,3.3,A,0
SUPPLY014,2020,3.3,A,0
SUPPLY015,1999,0.0,A,0
SUPPLY015,2000,0.0,A,0
SUPPLY015,2001,0.0,A,0
SUPPLY015,2002,0.0,A,0
SUPPLY015,2003,0.0,A,0
SUPPLY015,2004,0.0,A,0
SUPPLY015,2005,0.0,A,0
SUPPLY015,2006,2.2,A,0
SUPPLY015,2007,3.3,A,0
SUPPLY015,2008,3.3,A,0
SUPPLY015,2009,3.3,A,0
SUPPLY015,2010,3.3,A,0
SUPPLY015,2011,2.75,M,3
SUPPLY015,2012,3.3,A,0
SUPPLY015,2013,3.3,A,0
SUPPLY015,2014,3.3,A,0
SUPPLY015,2015,3.3,A,0
SUPPLY015,2016,3.3,A,0
SUPPLY015,2017,3.3,A,0
SUPPLY015,2018,3.3,A,0
SUPPLY015,2019,1.98,M,3
SUPPLY015,2020,1.1,M,3
SUPPLY015,2021,3.3,A,0
SUPPLY015,2022,3.3,A,0
SUPPLY015,2023,3.3,A,0
SUPPLY015,2024,2.75,M,3
SUPPLY016,1999,0.0,A,0
SUPPLY016,2000,0.0,A,0
SUPPLY016,2001,0.0,A,0
SUPPLY016,2002,0.0,A,0
SUPPLY016,2003,0.0,A,0
SUPPLY016,2004,0.0,A,0
SUPPLY016,2005,0.0,A,0
SUPPLY016,2006,2.2,A,0
SUPPLY016,2007,3.3,A,0
SUPPLY016,2008,3.3,A,0
SUPPLY016,2009,3.3,A,0
SUPPLY016,2010,3.3,A,0
SUPPLY016,2011,3.3,A,0
SUPPLY016,2012,3.3,A,0
SUPPLY016,2013,3.3,A,0
SUPPLY016,2014,3.3,A,0
SUPPLY016,2015,3.3,A,0
SUPPLY016,2016,3.3,A,0
SUPPLY016,2017,3.3,A,0
SUPPLY016,2018,3.3,A,0
SUPPLY016,2019,3.3,A,0
SUPPLY016,2020,3.3,A,0
SUPPLY016,2021,3.3,A,0
SUPPLY016,2022,3.3,A,0
SUPPLY016,2023,3.3,A,0
SUPPLY017,1999,0.0,A,0
SUPPLY017,2000,0.0,A,0
SUPPLY017,2001,0.0,A,0
SUPPLY017,2002,0.0,A,0
SUPPLY017,2003,0.0,A,0
SUPPLY017,2004,0.0,A,0
SUPPLY017,2005,0.0,A,0
SUPPLY017,2006,2.2,A,0
SUPPLY017,2007,3.3,A,0
SUPPLY017,2008,3.3,A,0
SUPPLY017,2009,3.3,A,0
SUPPLY017,2010,3.3,A,0
SUPPLY017,2011,3.3,A,0
SUPPLY017,2012,3.3,A,0
SUPPLY017,2013,3.3,A,0
SUPPLY017,2014,3.3,A,0
SUPPLY017,2015,3.3,A,0
SUPPLY017,2016,3.3,A,0
SUPPLY017,2017,3.3,A,0
SUPPLY017,2018,3.3,A,0
SUPPLY017,2019,3.3,A,0
SUPPLY017,2020,3.3,A,0
SUPPLY017,2021,3.3,A,0
SUPPLY017,2022,3.3,A,0
SUPPLY018,1999,0.0,A,0
SUPPLY018,2000,0.0,A,0
SUPPLY018,2001,0.0,A,0
SUPPLY018,2002,0.0,A,0
SUPPLY018,2003,0.0,A,0
SUPPLY018,2004,0.0,A,0
SUPPLY018,2005,0.0,A,0
SUPPLY018,2006,2.2,A,0
SUPPLY018,2007,3.3,A,0
SUPPLY018,2008,3.3,A,0
SUPPLY018,2009,3.3,A,0
SUPPLY018,2010,3.3,A,0
SUPPLY018,2011,3.3,A,0
SUPPLY018,2012,3.3,A,0
SUPPLY018,2013,3.3,A,0
SUPPLY018,2014,3.3,A,0
SUPPLY018,2015,3.3,A,0
SUPPLY018,2016,3.3,A,0
SUPPLY018,2017,3.3,A,0
SUPPLY018,2018,3.3,A,0
SUPPLY018,2019,1.98,M,3
SUPPLY018,2020,0.0,C,1
SUPPLY019,1999,0.0,A,0
SUPPLY019,2000,0.0,A,0
SUPPLY019,2001,0.0,A,0
SUPPLY019,2002,0.0,A,0
SUPPLY019,2003,0.0,A,0
SUPPLY019,2004,0.0,A,0
SUPPLY019,2005,0.0,A,0
SUPPLY019,2006,2.2,A,0
SUPPLY019,2007,3.3,A,0
SUPPLY019,2008,3.3,A,0
SUPPLY019,2009,3.3,A,0
SUPPLY019,2010,3.3,A,0
SUPPLY019,2011,3.3,A,0
SUPPLY019,2012,3.3,A,0
SUPPLY019,2013,3.3,A,0
SUPPLY019,2014,3.3,A,0
SUPPLY019,2015,3.3,A,0
SUPPLY019,2016,3.3,A,0
SUPPLY019,2017,3.3,A,0
SUPPLY019,2018,3.3,A,0
SUPPLY019,2019,4.95,A,0
SUPPLY019,2020,6.6,A,0
SUPPLY019,2021,6.6,A,0
SUPPLY020,2004,0.0,M,3
SUPPLY020,2005,0.0,A,0
SUPPLY020,2006,2.2,A,0
SUPPLY020,2007,3.3,A,0
SUPPLY020,2008,3.3,A,0
SUPPLY020,2009,3.3,A,0
SUPPLY020,2010,3.3,A,0
SUPPLY020,2011,3.3,A,0
SUPPLY020,2012,3.3,A,0
SUPPLY020,2013,3.3,A,0
SUPPLY020,2014,3.3,A,0
SUPPLY020,2015,3.3,A,0
SUPPLY020,2016,3.3,A,0
SUPPLY020,2017,3.3,A,0
SUPPLY020,2018,3.3,A,0
SUPPLY020,2019,3.3,A,0
SUPPLY020,2020,3.3,A,0
SUPPLY020,2021,3.6,A,0
SUPPLY020,2022,3.9,A,0
SUPPLY020,2023,3.9,A,0
SUPPLY020,2024,3.9,A,0
SUPPLY021,1999,0.0,A,0
SUPPLY021,2000,0.0,A,0
SUPPLY021,2001,0.0,A,0
SUPPLY021,2002,0.0,A,0
SUPPLY021,2003,0.0,A,0
SUPPLY021,2004,0.0,A,0
SUPPLY021,2005,0.0,A,0
SUPPLY021,2006,2.2,A,0
SUPPLY021,2007,3.3,A,0
SUPPLY021,2008,3.3,A,0
SUPPLY021,2009,3.3,A,0
SUPPLY021,2010,3.3,A,0
SUPPLY021,2011,3.3,A,0
SUPPLY021,2012,3.3,A,0
SUPPLY021,2013,1.98,M,3
SUPPLY021,2014,2.2,M,3
SUPPLY021,2015,3.3,A,0
SUPPLY021,2016,2.475,M,3
SUPPLY021,2017,3.3,A,0
SUPPLY021,2018,3.3,A,0
SUPPLY021,2019,3.3,A,0
SUPPLY021,2020,3.3,A,0
SUPPLY021,2021,1.65,M,3
SUPPLY021,2022,3.3,A,0
SUPPLY022,2004,0.0,A,0
SUPPLY022,2005,0.0,A,0
SUPPLY022,2006,2.475,A,0
SUPPLY022,2007,3.3,A,0
SUPPLY022,2008,3.3,A,0
SUPPLY022,2009,3.3,A,0
SUPPLY022,2010,2.2,M,3
SUPPLY022,2011,3.3,A,0
SUPPLY022,2012,2.475,M,3
SUPPLY022,2013,0.0,C,1
SUPPLY022,2014,2.64,M,3
SUPPLY022,2015,3.3,A,0
SUPPLY022,2016,3.3,A,0
SUPPLY022,2017,3.3,A,0
SUPPLY022,2018,3.3,A,0
SUPPLY022,2019,1.1,M,3
SUPPLY022,2020,0.0,C,1
SUPPLY022,2021,1.1,M,3
SUPPLY022,2022,3.3,A,0
SUPPLY022,2023,3.3,A,0
SUPPLY022,2024,1.65,M,3
SUPPLY023,1999,0.0,A,0
SUPPLY023,2000,0.0,A,0
SUPPLY023,2001,0.0,A,0
SUPPLY023,2002,0.0,A,0
SUPPLY023,2003,0.0,A,0
SUPPLY023,2004,0.0,A,0
SUPPLY023,2005,0.0,A,0
SUPPLY023,2006,2.2,A,0
SUPPLY023,2007,3.3,A,0
SUPPLY023,2008,3.3,A,0
SUPPLY023,2009,3.3,A,0
SUPPLY023,2010,3.3,A,0
SUPPLY023,2011,3.3,A,0
SUPPLY023,2012,3.3,A,0
SUPPLY023,2013,3.3,A,0
SUPPLY023,2014,3.3,A,0
SUPPLY023,2015,3.3,A,0
SUPPLY023,2016,3.3,A,0
SUPPLY023,2017,3.3,A,0
SUPPLY023,2018,3.3,A,0
SUPPLY023,2019,3.3,A,0
SUPPLY023,2020,3.3,A,0
SUPPLY023,2021,3.3,A,0
SUPPLY023,2022,3.3,A,0
SUPPLY023,2023,3.3,A,0
SUPPLY023,2024,3.3,A,0
SUPPLY024,2008,0.0,C,1
SUPPLY024,2009,0.0,C,1
SUPPLY024,2010,0.0,C,1
SUPPLY024,2011,0.0,C,1
SUPPLY024,2012,0.0,C,1
SUPPLY024,2013,1.667,M,3
SUPPLY024,2014,0.0,C,1
SUPPLY024,2015,0.0,C,1
SUPPLY024,2016,1.65,M,3
SUPPLY024,2017,3.3,A,0
SUPPLY024,2018,3.3,A,0
SUPPLY024,2019,3.3,A,0
SUPPLY024,2020,3.3,A,0
SUPPLY024,2021,3.3,A,0
SUPPLY024,2022,3.3,A,0
SUPPLY024,2023,3.3,A,0
SUPPLY024,2024,3.3,A,0
SUPPLY025,2008,0.0,C,1
SUPPLY025,2009,0.0,C,1
SUPPLY025,2010,1.65,M,3
SUPPLY025,2011,3.3,A,0
SUPPLY025,2012,3.3,A,0
SUPPLY025,2013,1.65,M,3
SUPPLY025,2014,0.0,C,1
SUPPLY025,2015,0.0,C,1
SUPPLY025,2016,0.0,C,1
SUPPLY025,2017,2.475,M,3
SUPPLY025,2018,3.3,A,0
SUPPLY025,2019,3.3,A,0
SUPPLY025,2020,3.3,A,0
SUPPLY025,2021,3.3,A,0
SUPPLY025,2022,3.3,A,0
SUPPLY026,1969,0.0,C,1
SUPPLY026,1970,0.0,C,1
SUPPLY026,1971,0.0,C,1
SUPPLY026,1972,0.0,C,1
SUPPLY026,1973,0.0,C,1
SUPPLY026,1974,0.0,C,1
SUPPLY026,1975,0.0,C,1
SUPPLY026,1976,0.0,C,1
SUPPLY026,1977,0.0,C,1
SUPPLY026,1978,0.0,C,1
SUPPLY026,1979,0.0,C,1
SUPPLY026,1980,0.0,C,1
SUPPLY026,1981,0.0,C,1
SUPPLY026,1982,0.0,C,1
SUPPLY026,1983,0.0,C,1
SUPPLY026,1984,0.0,C,1
SUPPLY026,1985,0.0,C,1
SUPPLY026,1986,0.0,C,1
SUPPLY026,1987,0.0,C,1
SUPPLY026,1988,0.0,C,1
SUPPLY026,1989,0.0,C,1
SUPPLY026,1990,0.0,C,1
SUPPLY026,1991,0.0,C,1
SUPPLY026,1992,0.0,C,1
SUPPLY026,1993,0.0,C,1
SUPPLY026,1994,0.0,C,1
SUPPLY026,1995,0.0,C,1
SUPPLY026,1996,0.0,C,1
SUPPLY026,1997,0.0,C,1
SUPPLY026,1998,0.0,C,1
SUPPLY026,1999,0.0,C,1
SUPPLY026,2000,0.0,C,1
SUPPLY026,2001,0.0,C,1
SUPPLY026,2002,0.0,C,1
SUPPLY026,2003,0.0,C,1
SUPPLY026,2004,0.0,C,1
SUPPLY026,2005,0.0,C,1
SUPPLY026,2006,0.0,M,3
SUPPLY026,2007,0.0,A,0
SUPPLY026,2008,0.0,A,0
SUPPLY026,2009,0.0,A,0
SUPPLY026,2010,1.6,A,0
SUPPLY026,2011,3.275,A,0
SUPPLY026,2012,3.3,A,0
SUPPLY026,2013,3.3,A,0
SUPPLY026,2014,3.3,A,0
SUPPLY026,2015,3.3,A,0
SUPPLY026,2016,3.3,A,0
SUPPLY026,2017,3.3,A,0
SUPPLY026,2018,3.3,A,0
SUPPLY026,2019,3.3,A,0
SUPPLY026,2020,3.3,A,0
SUPPLY026,2021,3.3,A,0
SUPPLY026,2022,3.3,A,0
SUPPLY026,2023,3.3,A,0
SUPPLY026,2024,3.3,A,0
SUPPLY027,2002,0.0,A,0
SUPPLY027,2003,0.0,A,0
SUPPLY027,2004,0.0,A,0
SUPPLY027,2005,0.0,A,0
SUPPLY027,2006,2.2,A,0
SUPPLY027,2007,3.3,A,0
SUPPLY027,2008,3.3,A,0
SUPPLY027,2009,3.3,A,0
SUPPLY027,2010,3.3,A,0
SUPPLY027,2011,3.3,A,0
SUPPLY027,2012,3.3,A,0
SUPPLY027,2013,3.3,A,0
SUPPLY027,2014,3.3,A,0
SUPPLY027,2015,3.3,A,0
SUPPLY027,2016,3.3,A,0
SUPPLY027,2017,3.3,A,0
SUPPLY027,2018,3.3,A,0
SUPPLY027,2019,3.3,A,0
SUPPLY027,2020,3.3,A,0
SUPPLY027,2021,3.3,A,0
SUPPLY027,2022,3.3,A,0
SUPPLY027,2023,3.3,A,0
SUPPLY028,2012,1.65,A,0
SUPPLY028,2013,3.3,A,0
SUPPLY028,2014,3.3,A,0
SUPPLY028,2015,3.3,A,0
SUPPLY028,2016,3.3,A,0
SUPPLY028,2017,3.3,A,0
SUPPLY028,2018,3.3,A,0
SUPPLY028,2019,3.3,A,0
SUPPLY028,2020,3.3,A,0
SUPPLY028,2021,3.3,A,0
SUPPLY028,2022,3.3,A,0
SUPPLY028,2023,3.3,A,0
SUPPLY028,2024,3.3,A,0
SUPPLY029,2003,0.0,C,1
SUPPLY029,2004,0.0,C,1
SUPPLY029,2005,0.0,C,1
SUPPLY029,2006,0.0,C,1
SUPPLY029,2007,1.65,M,3
SUPPLY029,2008,3.3,A,0
SUPPLY029,2009,3.3,A,0
SUPPLY029,2010,1.65,M,3
SUPPLY029,2011,0.0,C,1
SUPPLY029,2012,0.0,C,1
SUPPLY029,2013,0.0,C,1
SUPPLY029,2014,0.0,C,1
SUPPLY029,2015,1.65,M,3
SUPPLY029,2016,3.3,A,0
SUPPLY029,2017,3.3,A,0
SUPPLY029,2018,3.3,A,0
SUPPLY029,2019,3.3,A,0
SUPPLY029,2020,3.3,A,0
SUPPLY029,2021,3.3,A,0
SUPPLY029,2022,3.3,A,0
SUPPLY030,2008,0.0,C,1
SUPPLY030,2009,1.65,M,3
SUPPLY030,2010,3.3,A,0
SUPPLY030,2011,3.3,A,0
SUPPLY030,2012,3.3,A,0
SUPPLY030,2013,3.3,A,0
SUPPLY030,2014,3.3,A,0
SUPPLY030,2015,3.3,A,0
SUPPLY030,2016,3.3,A,0
SUPPLY030,2017,3.3,A,0
SUPPLY030,2018,3.3,A,0
SUPPLY030,2019,3.3,A,0
SUPPLY030,2020,3.3,A,0
SUPPLY030,2021,3.3,A,0
SUPPLY030,2022,3.3,A,0
SUPPLY030,2023,3.3,A,0
SUPPLY030,2024,3.3,A,0
SUPPLY031,2002,0.0,A,0
SUPPLY031,2003,0.0,M,3
SUPPLY031,2004,0.0,C,1
SUPPLY031,2005,0.0,C,1
SUPPLY031,2006,0.0,C,1
SUPPLY031,2007,0.0,C,1
SUPPLY031,2008,0.0,C,1
SUPPLY031,2009,0.0,C,1
SUPPLY031,2010,0.0,C,1
SUPPLY031,2011,0.0,C,1
SUPPLY031,2012,0.0,C,1
SUPPLY031,2013,4.4,M,3
SUPPLY031,2014,6.6,A,0
SUPPLY031,2015,6.6,A,0
SUPPLY031,2016,6.6,A,0
SUPPLY031,2017,6.6,A,0
SUPPLY031,2018,6.6,A,0
SUPPLY031,2019,6.6,A,0
SUPPLY032,2001,0.0,A,0
SUPPLY032,2002,0.0,A,0
SUPPLY032,2003,0.0,A,0
SUPPLY032,2004,0.0,A,0
SUPPLY032,2005,0.0,A,0
SUPPLY032,2006,2.2,A,0
SUPPLY032,2007,3.3,A,0
SUPPLY032,2008,3.3,A,0
SUPPLY032,2009,3.3,A,0
SUPPLY032,2010,3.3,A,0
SUPPLY032,2011,3.3,A,0
SUPPLY032,2012,3.3,A,0
SUPPLY032,2013,3.3,A,0
SUPPLY032,2014,3.3,A,0
SUPPLY032,2015,3.3,A,0
SUPPLY032,2016,3.3,A,0
SUPPLY032,2017,3.3,A,0
SUPPLY032,2018,3.3,A,0
SUPPLY032,2019,3.3,A,0
SUPPLY032,2020,3.3,A,0
SUPPLY032,2021,3.3,A,0
SUPPLY032,2022,3.3,A,0
SUPPLY033,1999,0.0,A,0
SUPPLY033,2000,0.0,A,0
SUPPLY033,2001,0.0,A,0
SUPPLY033,2002,0.0,A,0
SUPPLY033,2003,0.0,A,0
SUPPLY033,2004,0.0,A,0
SUPPLY033,2005,0.0,A,0
SUPPLY033,2006,1.133,A,0
SUPPLY033,2007,1.7,A,0
SUPPLY033,2008,1.7,A,0
SUPPLY033,2009,1.7,A,0
SUPPLY033,2010,1.7,A,0
SUPPLY033,2011,1.7,A,0
SUPPLY033,2012,1.7,A,0
SUPPLY033,2013,1.7,A,0
SUPPLY033,2014,1.7,A,0
SUPPLY033,2015,1.7,A,0
SUPPLY033,2016,1.7,A,0
SUPPLY033,2017,1.7,A,0
SUPPLY033,2018,1.7,A,0
SUPPLY033,2019,1.7,A,0
SUPPLY033,2020,1.7,A,0
SUPPLY033,2021,1.7,A,0
SUPPLY033,2022,1.7,A,0
SUPPLY034,2006,3.3,A,0
SUPPLY034,2007,2.2,M,3
SUPPLY034,2008,3.3,A,0
SUPPLY034,2009,3.3,A,0
SUPPLY034,2010,3.3,A,0
SUPPLY034,2011,3.3,A,0
SUPPLY034,2012,3.3,A,0
SUPPLY034,2013,3.3,A,0
SUPPLY034,2014,3.3,A,0
SUPPLY034,2015,3.3,A,0
SUPPLY034,2016,3.3,A,0
SUPPLY034,2017,3.3,A,0
SUPPLY034,2018,3.3,A,0
SUPPLY034,2019,3.3,A,0
SUPPLY035,2003,0.0,M,3
SUPPLY035,2004,0.0,A,0
SUPPLY035,2005,0.0,A,0
SUPPLY035,2006,2.475,A,0
SUPPLY035,2007,3.3,A,0
SUPPLY035,2008,3.3,A,0
SUPPLY035,2009,3.3,A,0
SUPPLY035,2010,3.3,A,0
SUPPLY035,2011,2.829,M,3
SUPPLY035,2012,0.825,M,3
SUPPLY035,2013,3.3,A,0
SUPPLY035,2014,3.3,A,0
SUPPLY035,2015,3.3,A,0
SUPPLY035,2016,3.3,A,0
SUPPLY035,2017,3.3,A,0
SUPPLY035,2018,3.3,A,0
SUPPLY035,2019,3.3,A,0
SUPPLY035,2020,0.825,M,3
SUPPLY035,2021,1.1,M,3
SUPPLY035,2022,3.3,A,0
SUPPLY035,2023,3.3,A,0
SUPPLY035,2024,1.32,M,3
SUPPLY036,2003,0.0,M,3
SUPPLY036,2004,0.0,A,0
SUPPLY036,2005,0.0,A,0
SUPPLY036,2006,2.475,A,0
SUPPLY036,2007,3.3,A,0
SUPPLY036,2008,3.3,A,0
SUPPLY036,2009,3.3,A,0
SUPPLY036,2010,3.3,A,0
SUPPLY036,2011,3.3,A,0
SUPPLY036,2012,3.3,A,0
SUPPLY036,2013,3.3,A,0
SUPPLY036,2014,3.3,A,0
SUPPLY036,2015,3.3,A,0
SUPPLY036,2016,3.3,A,0
SUPPLY036,2017,3.3,A,0
SUPPLY036,2018,3.3,A,0
SUPPLY036,2019,1.98,M,3
SUPPLY036,2020,1.237,M,3
SUPPLY036,2021,3.3,A,0
SUPPLY037,2003,0.0,M,3
SUPPLY037,2004,0.0,A,0
SUPPLY037,2005,0.0,A,0
SUPPLY037,2006,2.483,M,3
SUPPLY037,2007,3.3,A,0
SUPPLY037,2008,3.3,A,0
SUPPLY037,2009,3.3,A,0
SUPPLY037,2010,3.3,A,0
SUPPLY037,2011,3.3,A,0
SUPPLY037,2012,3.3,A,0
SUPPLY037,2013,3.3,A,0
SUPPLY037,2014,3.3,A,0
SUPPLY037,2015,3.3,A,0
SUPPLY037,2016,3.3,A,0
SUPPLY037,2017,3.3,A,0
SUPPLY037,2018,3.3,A,0
SUPPLY038,2003,0.0,A,0
SUPPLY038,2004,0.0,A,0
SUPPLY038,2005,0.0,A,0
SUPPLY038,2006,2.2,A,0
SUPPLY038,2007,3.3,A,0
SUPPLY038,2008,1.65,M,3
SUPPLY038,2009,1.32,M,3
SUPPLY038,2010,3.3,A,0
SUPPLY038,2011,3.3,A,0
SUPPLY038,2012,3.3,A,0
SUPPLY038,2013,3.3,A,0
SUPPLY038,2014,3.3,A,0
SUPPLY038,2015,3.3,A,0
SUPPLY038,2016,3.3,A,0
SUPPLY038,2017,3.3,A,0
SUPPLY038,2018,3.3,A,0
SUPPLY038,2019,3.3,A,0
SUPPLY038,2020,3.3,A,0
SUPPLY038,2021,3.3,A,0
SUPPLY038,2022,3.3,A,0
SUPPLY038,2023,3.3,A,0
SUPPLY038,2024,3.3,A,0
SUPPLY039,1999,0.0,A,0
SUPPLY039,2000,0.0,A,0
SUPPLY039,2001,0.0,A,0
SUPPLY039,2002,0.0,A,0
SUPPLY039,2003,0.0,A,0
SUPPLY039,2004,0.0,A,0
SUPPLY039,2005,0.0,A,0
SUPPLY039,2006,2.2,A,0
SUPPLY039,2007,3.3,A,0
SUPPLY039,2008,3.3,A,0
SUPPLY039,2009,3.3,A,0
SUPPLY039,2010,3.3,A,0
SUPPLY039,2011,3.3,A,0
SUPPLY039,2012,3.3,A,0
SUPPLY039,2013,3.3,A,0
SUPPLY039,2014,3.3,A,0
SUPPLY039,2015,3.3,A,0
SUPPLY039,2016,3.3,A,0
SUPPLY039,2017,3.3,A,0
SUPPLY039,2018,3.3,A,0
SUPPLY039,2019,3.3,A,0
SUPPLY039,2020,3.3,A,0
SUPPLY039,2021,3.3,A,0
SUPPLY039,2022,3.3,A,0
SUPPLY039,2023,3.3,A,0
SUPPLY039,2024,3.3,A,0
SUPPLY040,2006,1.65,A,0
SUPPLY040,2007,3.3,A,0
SUPPLY040,2008,3.3,A,0
SUPPLY040,2009,3.3,A,0
SUPPLY040,2010,3.3,A,0
SUPPLY040,2011,3.3,A,0
SUPPLY040,2012,3.3,A,0
SUPPLY040,2013,3.3,A,0
SUPPLY040,2014,3.3,A,0
SUPPLY040,2015,3.3,A,0
SUPPLY040,2016,3.3,A,0
SUPPLY040,2017,3.3,A,0
SUPPLY040,2018,3.3,A,0
SUPPLY040,2019,3.3,A,0
SUPPLY040,2020,3.3,A,0
SUPPLY040,2021,3.3,A,0
SUPPLY040,2022,3.3,A,0
SUPPLY040,2023,3.3,A,0
SUPPLY040,2024,3.3,A,0
SUPPLY041,1999,0.0,A,0
SUPPLY041,2000,0.0,A,0
SUPPLY041,2001,0.0,A,0
SUPPLY041,2002,0.0,A,0
SUPPLY041,2003,0.0,A,0
SUPPLY041,2004,0.0,A,0
SUPPLY041,2005,0.0,A,0
SUPPLY041,2006,2.2,A,0
SUPPLY041,2007,3.3,A,0
SUPPLY041,2008,3.3,A,0
SUPPLY041,2009,3.3,A,0
SUPPLY041,2010,3.3,A,0
SUPPLY041,2011,3.3,A,0
SUPPLY041,2012,3.3,A,0
SUPPLY041,2013,3.3,A,0
SUPPLY041,2014,3.3,A,0
SUPPLY041,2015,3.3,A,0
SUPPLY041,2016,3.3,A,0
SUPPLY041,2017,3.3,A,0
SUPPLY041,2018,3.3,A,0
SUPPLY041,2019,3.3,A,0
SUPPLY041,2020,3.3,A,0
SUPPLY041,2021,3.3,A,0
SUPPLY041,2022,3.3,A,0
SUPPLY041,2023,3.3,A,0
SUPPLY041,2024,3.3,A,0
SUPPLY042,2000,0.0,A,0
SUPPLY042,2001,0.0,A,0
SUPPLY042,2002,0.0,A,0
SUPPLY042,2003,0.0,A,0
SUPPLY042,2004,0.0,A,0
SUPPLY042,2005,0.0,A,0
SUPPLY042,2006,2.2,A,0
SUPPLY042,2007,3.3,A,0
SUPPLY042,2008,3.3,A,0
SUPPLY042,2009,3.3,A,0
SUPPLY042,2010,3.3,A,0
SUPPLY042,2011,3.3,A,0
SUPPLY042,2012,3.3,A,0
SUPPLY042,2013,3.3,A,0
SUPPLY042,2014,3.3,A,0
SUPPLY042,2015,3.3,A,0
SUPPLY042,2016,3.3,A,0
SUPPLY042,2017,3.3,A,0
SUPPLY042,2018,3.3,A,0
SUPPLY042,2019,3.3,A,0
SUPPLY042,2020,3.3,A,0
SUPPLY042,2021,3.3,A,0
SUPPLY042,2022,3.3,A,0
SUPPLY042,2023,3.3,A,0
SUPPLY042,2024,3.3,A,0
SUPPLY043,2006,3.3,F,2
SUPPLY043,2007,3.3,F,2
SUPPLY043,2008,3.3,F,2
SUPPLY043,2009,3.3,M,3
SUPPLY043,2010,3.3,A,0
SUPPLY043,2011,3.3,A,0
SUPPLY043,2012,3.3,A,0
SUPPLY043,2013,3.3,A,0
SUPPLY043,2014,3.3,A,0
SUPPLY043,2015,3.3,A,0
SUPPLY043,2016,3.3,A,0
SUPPLY043,2017,3.3,A,0
SUPPLY043,2018,3.3,A,0
SUPPLY043,2019,3.3,A,0
SUPPLY043,2020,3.3,A,0
SUPPLY043,2021,3.3,A,0
SUPPLY043,2022,3.3,A,0
SUPPLY043,2023,3.3,A,0
SUPPLY043,2024,3.3,A,0
SUPPLY044,2006,3.3,A,0
SUPPLY044,2007,3.3,A,0
SUPPLY044,2008,3.3,A,0
SUPPLY044,2009,3.3,A,0
SUPPLY044,2010,3.3,A,0
SUPPLY044,2011,3.3,A,0
SUPPLY044,2012,3.3,A,0
SUPPLY044,2013,3.3,A,0
SUPPLY044,2014,3.3,A,0
SUPPLY044,2015,3.3,A,0
SUPPLY044,2016,3.3,A,0
SUPPLY044,2017,3.3,A,0
SUPPLY044,2018,3.3,A,0
SUPPLY044,2019,3.3,A,0
SUPPLY044,2020,3.3,A,0
SUPPLY044,2021,3.3,A,0
SUPPLY044,2022,3.3,A,0
SUPPLY045,2002,0.0,C,1
SUPPLY045,2003,0.0,C,1
SUPPLY045,2004,0.0,C,1
SUPPLY045,2005,0.0,C,1
SUPPLY045,2006,0.0,C,1
SUPPLY045,2007,0.0,C,1
SUPPLY045,2008,0.0,C,1
SUPPLY045,2009,2.64,M,3
SUPPLY045,2010,3.3,A,0
SUPPLY045,2011,3.3,A,0
SUPPLY045,2012,3.3,A,0
SUPPLY045,2013,3.3,A,0
SUPPLY045,2014,3.3,A,0
SUPPLY045,2015,3.3,A,0
SUPPLY045,2016,3.3,A,0
SUPPLY045,2017,3.3,A,0
SUPPLY045,2018,3.3,A,0
SUPPLY045,2019,3.3,A,0
SUPPLY045,2020,3.3,A,0
SUPPLY045,2021,3.3,A,0
SUPPLY045,2022,3.3,A,0
SUPPLY045,2023,3.3,A,0
SUPPLY045,2024,3.3,A,0
SUPPLY046,1999,0.0,A,0
SUPPLY046,2000,0.0,A,0
SUPPLY046,2001,0.0,A,0
SUPPLY046,2002,0.0,A,0
SUPPLY046,2003,0.0,A,0
SUPPLY046,2004,0.0,A,0
SUPPLY046,2005,0.0,A,0
SUPPLY046,2006,2.475,A,0
SUPPLY046,2007,3.3,A,0
SUPPLY046,2008,3.3,A,0
SUPPLY046,2009,3.3,A,0
SUPPLY046,2010,3.3,A,0
SUPPLY046,2011,3.3,A,0
SUPPLY046,2012,3.3,A,0
SUPPLY046,2013,3.3,A,0
SUPPLY046,2014,3.3,A,0
SUPPLY046,2015,3.3,A,0
SUPPLY046,2016,3.3,A,0
SUPPLY046,2017,3.3,A,0
SUPPLY046,2018,3.3,A,0
SUPPLY046,2019,3.3,A,0
SUPPLY046,2020,3.3,A,0
SUPPLY046,2021,3.3,A,0
SUPPLY046,2022,3.3,A,0
SUPPLY046,2023,3.3,A,0
SUPPLY046,2024,3.3,A,0
SUPPLY047,1999,0.0,A,0
SUPPLY047,2000,0.0,A,0
SUPPLY047,2001,0.0,A,0
SUPPLY047,2002,0.0,A,0
SUPPLY047,2003,0.0,A,0
SUPPLY047,2004,0.0,A,0
SUPPLY047,2005,0.0,M,3
SUPPLY047,2006,0.0,C,1
SUPPLY047,2007,0.0,C,1
SUPPLY047,2008,0.0,C,1
SUPPLY047,2009,0.0,C,1
SUPPLY047,2010,0.0,C,1
SUPPLY047,2011,0.0,C,1
SUPPLY047,2012,0.0,C,1
SUPPLY047,2013,0.0,C,1
SUPPLY047,2014,0.0,C,1
SUPPLY047,2015,0.0,C,1
SUPPLY047,2016,1.65,M,3
SUPPLY047,2017,3.3,A,0
SUPPLY047,2018,3.3,A,0
SUPPLY047,2019,3.3,A,0
SUPPLY047,2020,2.64,M,3
SUPPLY048,2000,0.0,A,0
SUPPLY048,2001,0.0,A,0
SUPPLY048,2002,0.0,A,0
SUPPLY048,2003,0.0,A,0
SUPPLY048,2004,0.0,A,0
SUPPLY048,2005,0.0,A,0
SUPPLY048,2006,2.2,A,0
SUPPLY048,2007,3.3,A,0
SUPPLY048,2008,3.3,A,0
SUPPLY048,2009,3.3,A,0
SUPPLY048,2010,3.3,A,0
SUPPLY048,2011,3.3,A,0
SUPPLY048,2012,3.3,A,0
SUPPLY048,2013,3.3,A,0
SUPPLY048,2014,3.3,A,0
SUPPLY048,2015,3.3,M,3
SUPPLY048,2016,6.6,A,0
SUPPLY048,2017,6.6,A,0
SUPPLY048,2018,6.6,A,0
SUPPLY048,2019,6.6,A,0
SUPPLY048,2020,6.6,A,0
SUPPLY048,2021,6.6,A,0
SUPPLY048,2022,6.6,A,0
SUPPLY048,2023,6.6,A,0
SUPPLY048,2024,5.775,M,3
SUPPLY049,1999,0.0,A,0
SUPPLY049,2000,0.0,A,0
SUPPLY049,2001,0.0,A,0
SUPPLY049,2002,0.0,A,0
SUPPLY049,2003,0.0,A,0
SUPPLY049,2004,0.0,A,0
SUPPLY049,2005,0.0,A,0
SUPPLY049,2006,2.2,A,0
SUPPLY049,2007,3.3,A,0
SUPPLY049,2008,3.3,A,0
SUPPLY049,2009,3.3,A,0
SUPPLY049,2010,3.3,A,0
SUPPLY049,2011,3.3,A,0
SUPPLY049,2012,3.3,A,0
SUPPLY049,2013,3.3,A,0
SUPPLY049,2014,3.3,A,0
SUPPLY049,2015,3.3,A,0
SUPPLY049,2016,3.3,A,0
SUPPLY049,2017,3.3,A,0
SUPPLY049,2018,3.3,A,0
SUPPLY049,2019,3.3,A,0
SUPPLY049,2020,3.3,A,0
SUPPLY050,2002,0.0,C,1
SUPPLY050,2003,0.0,C,1
SUPPLY050,2004,0.0,M,3
SUPPLY050,2005,0.0,A,0
SUPPLY050,2006,2.2,A,0
SUPPLY050,2007,3.3,A,0
SUPPLY050,2008,3.3,A,0
SUPPLY050,2009,3.3,A,0
SUPPLY050,2010,3.3,A,0
SUPPLY050,2011,3.3,A,0
SUPPLY050,2012,3.3,A,0
SUPPLY050,2013,3.3,A,0
SUPPLY050,2014,3.3,A,0
SUPPLY050,2015,3.3,A,0
SUPPLY050,2016,3.3,A,0
SUPPLY050,2017,3.3,A,0
SUPPLY050,2018,3.3,A,0
SUPPLY050,2019,3.3,A,0
SUPPLY050,2020,3.3,A,0
SUPPLY050,2021,3.3,A,0
SUPPLY050,2022,3.3,A,0
SUPPLY051,1999,0.0,A,0
SUPPLY051,2000,0.0,A,0
SUPPLY051,2001,0.0,A,0
SUPPLY051,2002,0.0,A,0
SUPPLY051,2003,0.0,A,0
SUPPLY051,2004,0.0,A,0
SUPPLY051,2005,0.0,A,0
SUPPLY051,2006,2.2,A,0
SUPPLY051,2007,3.3,A,0
SUPPLY051,2008,3.3,A,0
SUPPLY051,2009,3.3,A,0
SUPPLY051,2010,3.3,A,0
SUPPLY051,2011,3.3,A,0
SUPPLY051,2012,3.3,A,0
SUPPLY051,2013,3.3,A,0
SUPPLY051,2014,3.3,A,0
SUPPLY051,2015,3.3,A,0
SUPPLY051,2016,3.3,A,0
SUPPLY051,2017,3.3,A,0
SUPPLY051,2018,3.3,A,0
SUPPLY051,2019,3.3,A,0
SUPPLY051,2020,3.3,A,0
SUPPLY051,2021,3.3,A,0
SUPPLY051,2022,3.3,A,0
SUPPLY051,2023,3.3,A,0
SUPPLY052,2006,0.0,C,1
SUPPLY052,2007,2.475,M,3
SUPPLY052,2008,3.3,A,0
SUPPLY052,2009,3.3,A,0
SUPPLY052,2010,3.3,A,0
SUPPLY052,2011,3.3,A,0
SUPPLY052,2012,3.3,A,0
SUPPLY052,2013,3.3,A,0
SUPPLY052,2014,3.3,A,0
SUPPLY052,2015,3.3,A,0
SUPPLY052,2016,3.3,A,0
SUPPLY052,2017,3.3,A,0
SUPPLY052,2018,3.3,A,0
SUPPLY052,2019,3.3,A,0
SUPPLY052,2020,3.3,A,0
SUPPLY052,2021,0.825,M,3
SUPPLY053,1999,0.0,A,0
SUPPLY053,2000,0.0,A,0
SUPPLY053,2001,0.0,A,0
SUPPLY053,2002,0.0,A,0
SUPPLY053,2003,0.0,A,0
SUPPLY053,2004,0.0,A,0
SUPPLY053,2005,0.0,A,0
SUPPLY053,2006,2.2,A,0
SUPPLY053,2007,3.3,A,0
SUPPLY053,2008,3.3,A,0
SUPPLY053,2009,3.3,A,0
SUPPLY053,2010,3.3,A,0
SUPPLY053,2011,3.3,A,0
SUPPLY053,2012,3.3,A,0
SUPPLY053,2013,3.3,A,0
SUPPLY053,2014,3.3,A,0
SUPPLY053,2015,3.3,A,0
SUPPLY053,2016,3.12,A,0
SUPPLY053,2017,3.3,A,0
SUPPLY053,2018,3.3,A,0
SUPPLY053,2019,3.3,A,0
SUPPLY053,2020,3.3,A,0
SUPPLY053,2021,3.3,A,0
SUPPLY053,2022,3.3,A,0
SUPPLY053,2023,5.775,A,0
SUPPLY053,2024,6.6,A,0
SUPPLY054,2013,3.3,A,0
SUPPLY054,2014,3.3,A,0
SUPPLY054,2015,3.3,A,0
SUPPLY054,2016,3.3,A,0
SUPPLY054,2017,3.3,A,0
SUPPLY054,2018,3.3,A,0
SUPPLY054,2019,3.3,A,0
SUPPLY054,2020,3.3,A,0
SUPPLY054,2021,3.3,A,0
SUPPLY054,2022,5.28,A,0
SUPPLY054,2023,6.6,A,0
SUPPLY054,2024,6.6,A,0
SUPPLY055,1999,0.0,A,0
SUPPLY055,2000,0.0,A,0
SUPPLY055,2001,0.0,A,0
SUPPLY055,2002,0.0,A,0
SUPPLY055,2003,0.0,A,0
SUPPLY055,2004,0.0,A,0
SUPPLY055,2005,0.0,A,0
SUPPLY055,2006,2.2,A,0
SUPPLY055,2007,3.3,A,0
SUPPLY055,2008,3.3,A,0
SUPPLY055,2009,3.3,A,0
SUPPLY055,2010,3.3,A,0
SUPPLY055,2011,3.3,A,0
SUPPLY055,2012,3.3,A,0
SUPPLY055,2013,3.3,A,0
SUPPLY055,2014,3.3,A,0
SUPPLY055,2015,3.3,A,0
SUPPLY055,2016,3.3,A,0
SUPPLY055,2017,3.3,A,0
SUPPLY055,2018,3.3,A,0
SUPPLY055,2019,3.3,A,0
SUPPLY055,2020,3.3,A,0
SUPPLY056,2003,0.0,C,1
SUPPLY056,2004,0.0,C,1
SUPPLY056,2005,0.0,C,1
SUPPLY056,2006,0.0,C,1
SUPPLY056,2007,0.0,C,1
SUPPLY056,2008,0.0,C,1
SUPPLY056,2009,0.0,C,1
SUPPLY056,2010,0.0,C,1
SUPPLY056,2011,4.95,M,3
SUPPLY056,2012,6.6,A,0
SUPPLY056,2013,6.6,A,0
SUPPLY056,2014,6.6,A,0
SUPPLY056,2015,6.6,A,0
SUPPLY056,2016,6.6,A,0
SUPPLY056,2017,6.6,A,0
SUPPLY056,2018,6.6,A,0
SUPPLY056,2019,6.6,A,0
SUPPLY056,2020,6.6,A,0
SUPPLY056,2021,6.6,A,0
SUPPLY056,2022,6.6,A,0
SUPPLY056,2023,6.6,A,0
SUPPLY056,2024,6.6,A,0
SUPPLY057,1999,0.0,A,0
SUPPLY057,2000,0.0,A,0
SUPPLY057,2001,0.0,A,0
SUPPLY057,2002,0.0,A,0
SUPPLY057,2003,0.0,A,0
SUPPLY057,2004,0.0,A,0
SUPPLY057,2005,0.0,A,0
SUPPLY057,2006,2.2,A,0
SUPPLY057,2007,3.3,A,0
SUPPLY057,2008,3.3,A,0
SUPPLY057,2009,3.3,A,0
SUPPLY057,2010,3.3,A,0
SUPPLY057,2011,3.3,A,0
SUPPLY057,2012,3.3,A,0
SUPPLY057,2013,3.3,A,0
SUPPLY057,2014,3.3,A,0
SUPPLY057,2015,3.3,A,0
SUPPLY057,2016,3.3,A,0
SUPPLY057,2017,4.033,A,0
SUPPLY057,2018,5.5,A,0
SUPPLY057,2019,5.5,A,0
SUPPLY057,2020,5.5,A,0
SUPPLY057,2021,5.5,A,0
SUPPLY057,2022,5.5,A,0
SUPPLY057,2023,5.5,A,0
SUPPLY058,2003,0.0,C,1
SUPPLY058,2004,0.0,C,1
SUPPLY058,2005,0.0,C,1
SUPPLY058,2006,0.0,C,1
SUPPLY058,2007,0.0,C,1
SUPPLY058,2008,0.0,C,1
SUPPLY058,2009,0.0,C,1
SUPPLY058,2010,0.0,C,1
SUPPLY058,2011,0.0,C,1
SUPPLY058,2012,0.0,C,1
SUPPLY058,2013,1.1,M,3
SUPPLY058,2014,3.3,A,0
SUPPLY058,2015,3.3,A,0
SUPPLY058,2016,3.3,A,0
SUPPLY058,2017,3.3,A,0
SUPPLY058,2018,3.3,A,0
SUPPLY058,2019,3.3,A,0
SUPPLY058,2020,3.3,A,0
SUPPLY058,2021,3.3,A,0
SUPPLY058,2022,3.3,A,0
SUPPLY058,2023,3.3,A,0
SUPPLY058,2024,3.3,A,0
SUPPLY059,2008,1.65,A,0
SUPPLY059,2009,3.3,A,0
SUPPLY059,2010,3.3,A,0
SUPPLY059,2011,3.3,A,0
SUPPLY059,2012,3.3,A,0
SUPPLY059,2013,3.3,A,0
SUPPLY059,2014,3.3,A,0
SUPPLY059,2015,4.15,A,0
SUPPLY059,2016,5.0,A,0
SUPPLY059,2017,5.0,A,0
SUPPLY059,2018,5.0,A,0
SUPPLY059,2019,5.0,A,0
SUPPLY059,2020,5.0,A,0
SUPPLY059,2021,5.0,A,0
SUPPLY059,2022,5.0,A,0
SUPPLY059,2023,5.0,A,0
SUPPLY059,2024,5.0,A,0
SUPPLY060,1999,0.0,A,0
SUPPLY060,2000,0.0,A,0
SUPPLY060,2001,0.0,A,0
SUPPLY060,2002,0.0,A,0
SUPPLY060,2003,0.0,A,0
SUPPLY060,2004,0.0,A,0
SUPPLY060,2005,0.0,A,0
SUPPLY060,2006,4.4,A,0
SUPPLY060,2007,6.6,A,0
SUPPLY060,2008,6.6,A,0
SUPPLY060,2009,6.6,A,0
SUPPLY060,2010,6.6,A,0
SUPPLY060,2011,6.6,A,0
SUPPLY060,2012,6.6,A,0
SUPPLY060,2013,6.6,A,0
SUPPLY060,2014,6.6,A,0
SUPPLY060,2015,6.6,A,0
SUPPLY060,2016,6.6,A,0
SUPPLY060,2017,6.6,A,0
SUPPLY060,2018,6.6,A,0
SUPPLY060,2019,6.6,A,0
SUPPLY060,2020,6.6,A,0
SUPPLY060,2021,6.6,A,0
SUPPLY060,2022,6.6,A,0
SUPPLY061,2006,0.0,C,1
SUPPLY061,2007,0.0,C,1
SUPPLY061,2008,0.0,C,1
SUPPLY061,2009,0.0,C,1
SUPPLY061,2010,1.98,M,3
SUPPLY061,2011,3.3,A,0
SUPPLY061,2012,3.3,A,0
SUPPLY061,2013,3.3,A,0
SUPPLY061,2014,3.3,A,0
SUPPLY061,2015,3.3,A,0
SUPPLY061,2016,3.3,A,0
SUPPLY061,2017,3.3,A,0
SUPPLY061,2018,3.3,A,0
SUPPLY061,2019,3.3,A,0
SUPPLY061,2020,3.3,A,0
SUPPLY061,2021,3.3,A,0
SUPPLY061,2022,3.3,A,0
SUPPLY061,2023,3.3,A,0
SUPPLY061,2024,3.3,A,0
SUPPLY062,2010,0.85,M,3
SUPPLY062,2011,1.7,A,0
SUPPLY062,2012,1.7,A,0
SUPPLY062,2013,1.7,A,0
SUPPLY062,2014,1.7,A,0
SUPPLY062,2015,1.7,A,0
SUPPLY062,2016,1.7,A,0
SUPPLY062,2017,1.7,A,0
SUPPLY062,2018,1.7,A,0
SUPPLY062,2019,1.7,A,0
SUPPLY062,2020,1.7,A,0
SUPPLY062,2021,1.7,A,0
SUPPLY062,2022,1.7,A,0
SUPPLY062,2023,1.7,A,0
SUPPLY062,2024,1.7,A,0
SUPPLY063,2006,0.0,C,1
SUPPLY063,2007,0.0,C,1
SUPPLY063,2008,2.64,M,3
SUPPLY063,2009,3.3,A,0
SUPPLY063,2010,3.3,A,0
SUPPLY063,2011,3.3,A,0
SUPPLY063,2012,3.3,A,0
SUPPLY063,2013,3.3,A,0
SUPPLY063,2014,3.3,A,0
SUPPLY063,2015,3.3,A,0
SUPPLY063,2016,3.3,A,0
SUPPLY063,2017,3.3,A,0
SUPPLY063,2018,3.3,A,0
SUPPLY063,2019,3.3,A,0
SUPPLY063,2020,3.3,A,0
SUPPLY063,2021,3.3,A,0
SUPPLY063,2022,3.3,A,0
SUPPLY063,2023,3.3,A,0
SUPPLY063,2024,3.3,A,0
SUPPLY064,1999,0.0,A,0
SUPPLY064,2000,0.0,A,0
SUPPLY064,2001,0.0,A,0
SUPPLY064,2002,0.0,A,0
SUPPLY064,2003,0.0,A,0
SUPPLY064,2004,0.0,A,0
SUPPLY064,2005,0.0,A,0
SUPPLY064,2006,1.133,A,0
SUPPLY064,2007,1.7,A,0
SUPPLY064,2008,1.7,A,0
SUPPLY064,2009,1.7,A,0
SUPPLY064,2010,1.7,A,0
SUPPLY064,2011,1.7,A,0
SUPPLY064,2012,1.7,A,0
SUPPLY064,2013,1.7,A,0
SUPPLY064,2014,1.7,A,0
SUPPLY064,2015,1.7,A,0
SUPPLY064,2016,1.7,A,0
SUPPLY064,2017,1.7,A,0
SUPPLY064,2018,1.7,A,0
SUPPLY064,2019,1.7,A,0
SUPPLY064,2020,1.7,A,0
SUPPLY064,2021,1.7,A,0
SUPPLY064,2022,1.7,A,0
SUPPLY064,2023,1.7,A,0
SUPPLY065,2007,3.3,A,0
SUPPLY065,2008,3.3,A,0
SUPPLY065,2009,3.3,A,0
SUPPLY065,2010,3.3,A,0
SUPPLY065,2011,1.65,M,3
SUPPLY065,2012,3.3,A,0
SUPPLY065,2013,3.3,A,0
SUPPLY065,2014,3.3,A,0
SUPPLY065,2015,3.3,A,0
SUPPLY065,2016,3.3,A,0
SUPPLY065,2017,2.64,M,3
SUPPLY065,2018,3.3,A,0
SUPPLY065,2019,3.3,A,0
SUPPLY065,2020,3.3,A,0
SUPPLY065,2021,3.3,A,0
SUPPLY065,2022,3.3,A,0
SUPPLY065,2023,3.3,A,0
SUPPLY066,2001,0.0,A,0
SUPPLY066,2002,0.0,M,3
SUPPLY066,2003,0.0,C,1
SUPPLY066,2004,0.0,C,1
SUPPLY066,2005,0.0,C,1
SUPPLY066,2006,0.0,C,1
SUPPLY066,2007,0.0,C,1
SUPPLY066,2008,0.0,C,1
SUPPLY066,2009,0.0,C,1
SUPPLY066,2010,0.0,C,1
SUPPLY066,2011,0.0,C,1
SUPPLY066,2012,1.65,M,3
SUPPLY066,2013,1.65,M,3
SUPPLY066,2014,2.829,M,3
SUPPLY066,2015,3.3,A,0
SUPPLY066,2016,3.3,A,0
SUPPLY066,2017,3.3,A,0
SUPPLY066,2018,3.3,A,0
SUPPLY066,2019,3.3,A,0
SUPPLY066,2020,3.3,A,0
SUPPLY066,2021,3.3,A,0
SUPPLY066,2022,3.3,A,0
SUPPLY066,2023,3.3,A,0
SUPPLY066,2024,3.3,A,0
SUPPLY067,1999,0.0,A,0
SUPPLY067,2000,0.0,A,0
SUPPLY067,2001,0.0,A,0
SUPPLY067,2002,0.0,A,0
SUPPLY067,2003,0.0,A,0
SUPPLY067,2004,0.0,A,0
SUPPLY067,2005,0.0,A,0
SUPPLY067,2006,2.2,A,0
SUPPLY067,2007,3.3,A,0
SUPPLY067,2008,3.3,A,0
SUPPLY067,2009,3.3,A,0
SUPPLY067,2010,3.3,A,0
SUPPLY067,2011,3.3,A,0
SUPPLY067,2012,3.3,A,0
SUPPLY067,2013,3.3,A,0
SUPPLY067,2014,3.3,A,0
SUPPLY067,2015,3.3,A,0
SUPPLY067,2016,3.3,A,0
SUPPLY067,2017,3.3,A,0
SUPPLY067,2018,3.3,A,0
SUPPLY067,2019,3.3,A,0
SUPPLY067,2020,3.3,A,0
SUPPLY067,2021,3.3,A,0
SUPPLY067,2022,3.3,A,0
SUPPLY067,2023,3.3,A,0
SUPPLY067,2024,3.3,A,0
SUPPLY068,1999,0.0,A,0
SUPPLY068,2000,0.0,A,0
SUPPLY068,2001,0.0,A,0
SUPPLY068,2002,0.0,A,0
SUPPLY068,2003,0.0,A,0
SUPPLY068,2004,0.0,A,0
SUPPLY068,2005,0.0,A,0
SUPPLY068,2006,2.2,A,0
SUPPLY068,2007,3.3,A,0
SUPPLY068,2008,3.3,A,0
SUPPLY068,2009,3.3,A,0
SUPPLY068,2010,3.3,A,0
SUPPLY068,2011,3.3,A,0
SUPPLY068,2012,3.3,A,0
SUPPLY068,2013,3.3,A,0
SUPPLY068,2014,3.3,A,0
SUPPLY068,2015,3.3,A,0
SUPPLY068,2016,3.3,A,0
SUPPLY068,2017,3.3,A,0
SUPPLY068,2018,3.3,A,0
SUPPLY068,2019,3.3,A,0
SUPPLY068,2020,3.3,A,0
SUPPLY068,2021,1.886,M,3
SUPPLY068,2022,3.3,A,0
SUPPLY068,2023,4.15,A,0
SUPPLY068,2024,5.0,A,0
SUPPLY069,1949,0.0,C,1
SUPPLY069,1950,0.0,C,1
SUPPLY069,1951,0.0,C,1
SUPPLY069,1952,0.0,C,1
SUPPLY069,1953,0.0,C,1
SUPPLY069,1954,0.0,C,1
SUPPLY069,1955,0.0,C,1
SUPPLY069,1956,0.0,C,1
SUPPLY069,1957,0.0,C,1
SUPPLY069,1958,0.0,C,1
SUPPLY069,1959,0.0,C,1
SUPPLY069,1960,0.0,C,1
SUPPLY069,1961,0.0,C,1
SUPPLY069,1962,0.0,C,1
SUPPLY069,1963,0.0,C,1
SUPPLY069,1964,0.0,C,1
SUPPLY069,1965,0.0,C,1
SUPPLY069,1966,0.0,C,1
SUPPLY069,1967,0.0,C,1
SUPPLY069,1968,0.0,C,1
SUPPLY069,1969,0.0,C,1
SUPPLY069,1970,0.0,C,1
SUPPLY069,1971,0.0,C,1
SUPPLY069,1972,0.0,C,1
SUPPLY069,1973,0.0,C,1
SUPPLY069,1974,0.0,C,1
SUPPLY069,1975,0.0,C,1
SUPPLY069,1976,0.0,C,1
SUPPLY069,1977,0.0,C,1
SUPPLY069,1978,0.0,C,1
SUPPLY069,1979,0.0,C,1
SUPPLY069,1980,0.0,C,1
SUPPLY069,1981,0.0,C,1
SUPPLY069,1982,0.0,C,1
SUPPLY069,1983,0.0,C,1
SUPPLY069,1984,0.0,C,1
SUPPLY069,1985,0.0,C,1
SUPPLY069,1986,0.0,C,1
SUPPLY069,1987,0.0,C,1
SUPPLY069,1988,0.0,C,1
SUPPLY069,1989,0.0,C,1
SUPPLY069,1990,0.0,C,1
SUPPLY069,1991,0.0,C,1
SUPPLY069,1992,0.0,C,1
SUPPLY069,1993,0.0,C,1
SUPPLY069,1994,0.0,C,1
SUPPLY069,1995,0.0,C,1
SUPPLY069,1996,0.0,C,1
SUPPLY069,1997,0.0,C,1
SUPPLY069,1998,0.0,C,1
SUPPLY069,1999,0.0,C,1
SUPPLY069,2000,0.0,M,3
SUPPLY069,2001,0.0,A,0
SUPPLY069,2002,0.0,A,0
SUPPLY069,2003,0.0,A,0
SUPPLY069,2004,0.0,A,0
SUPPLY069,2005,0.0,A,0
SUPPLY069,2006,2.2,A,0
SUPPLY069,2007,3.3,A,0
SUPPLY069,2008,3.3,A,0
SUPPLY069,2009,3.3,A,0
SUPPLY069,2010,3.3,A,0
SUPPLY069,2011,3.3,A,0
SUPPLY069,2012,3.3,A,0
SUPPLY069,2013,3.3,A,0
SUPPLY069,2014,3.3,A,0
SUPPLY069,2015,2.2,M,3
SUPPLY069,2016,1.65,M,3
SUPPLY069,2017,3.3,A,0
SUPPLY069,2018,1.1,M,3
SUPPLY069,2019,1.1,M,3
SUPPLY069,2020,1.65,M,3
SUPPLY069,2021,3.3,A,0
SUPPLY069,2022,3.3,A,0
SUPPLY069,2023,3.3,A,0
SUPPLY069,2024,1.65,M,3
SUPPLY070,2002,0.0,C,1
SUPPLY070,2003,0.0,C,1
SUPPLY070,2004,0.0,C,1
SUPPLY070,2005,0.0,C,1
SUPPLY070,2006,0.0,C,1
SUPPLY070,2007,0.0,C,1
SUPPLY070,2008,0.0,C,1
SUPPLY070,2009,0.0,C,1
SUPPLY070,2010,0.0,C,1
SUPPLY070,2011,0.0,C,1
SUPPLY070,2012,0.0,C,1
SUPPLY070,2013,1.32,M,3
SUPPLY070,2014,3.3,A,0
SUPPLY070,2015,3.3,A,0
SUPPLY070,2016,3.3,A,0
SUPPLY070,2017,3.3,A,0
SUPPLY070,2018,3.3,A,0
SUPPLY070,2019,3.3,A,0
SUPPLY070,2020,3.3,A,0
SUPPLY070,2021,3.3,A,0
SUPPLY070,2022,3.3,A,0
SUPPLY070,2023,3.3,A,0
SUPPLY070,2024,2.2,M,3
SUPPLY071,1999,0.0,A,0
SUPPLY071,2000,0.0,A,0
SUPPLY071,2001,0.0,A,0
SUPPLY071,2002,0.0,A,0
SUPPLY071,2003,0.0,A,0
SUPPLY071,2004,0.0,A,0
SUPPLY071,2005,0.0,A,0
SUPPLY071,2006,2.2,A,0
SUPPLY071,2007,3.3,A,0
SUPPLY071,2008,3.3,A,0
SUPPLY071,2009,3.3,A,0
SUPPLY071,2010,3.3,A,0
SUPPLY071,2011,3.3,A,0
SUPPLY071,2012,3.3,A,0
SUPPLY071,2013,3.3,A,0
SUPPLY071,2014,3.3,A,0
SUPPLY071,2015,3.3,A,0
SUPPLY071,2016,3.3,A,0
SUPPLY071,2017,3.3,A,0
SUPPLY071,2018,3.3,A,0
SUPPLY071,2019,3.3,A,0
SUPPLY071,2020,3.3,A,0
SUPPLY071,2021,3.3,A,0
SUPPLY071,2022,1.65,M,3
SUPPLY071,2023,3.3,A,0
SUPPLY071,2024,1.65,M,3
SUPPLY072,1999,0.0,A,0
SUPPLY072,2000,0.0,A,0
SUPPLY072,2001,0.0,A,0
SUPPLY072,2002,0.0,A,0
SUPPLY072,2003,0.0,A,0
SUPPLY072,2004,0.0,A,0
SUPPLY072,2005,0.0,A,0
SUPPLY072,2006,2.2,A,0
SUPPLY072,2007,3.3,A,0
SUPPLY072,2008,3.3,A,0
SUPPLY072,2009,3.3,A,0
SUPPLY072,2010,3.3,A,0
SUPPLY072,2011,3.3,A,0
SUPPLY072,2012,3.3,A,0
SUPPLY072,2013,3.3,A,0
SUPPLY072,2014,3.3,A,0
SUPPLY072,2015,3.3,A,0
SUPPLY072,2016,3.3,A,0
SUPPLY072,2017,3.3,A,0
SUPPLY072,2018,3.3,A,0
SUPPLY072,2019,3.3,A,0
SUPPLY072,2020,3.3,A,0
SUPPLY072,2021,0.943,M,3
SUPPLY072,2022,0.0,C,1
SUPPLY072,2023,1.65,M,3
SUPPLY072,2024,3.3,A,0
SUPPLY073,1949,0.0,C,1
SUPPLY073,1950,0.0,C,1
SUPPLY073,1951,0.0,C,1
SUPPLY073,1952,0.0,C,1
SUPPLY073,1953,0.0,C,1
SUPPLY073,1954,0.0,C,1
SUPPLY073,1955,0.0,C,1
SUPPLY073,1956,0.0,C,1
SUPPLY073,1957,0.0,C,1
SUPPLY073,1958,0.0,C,1
SUPPLY073,1959,0.0,C,1
SUPPLY073,1960,0.0,C,1
SUPPLY073,1961,0.0,C,1
SUPPLY073,1962,0.0,C,1
SUPPLY073,1963,0.0,C,1
SUPPLY073,1964,0.0,C,1
SUPPLY073,1965,0.0,C,1
SUPPLY073,1966,0.0,C,1
SUPPLY073,1967,0.0,C,1
SUPPLY073,1968,0.0,C,1
SUPPLY073,1969,0.0,C,1
SUPPLY073,1970,0.0,C,1
SUPPLY073,1971,0.0,C,1
SUPPLY073,1972,0.0,C,1
SUPPLY073,1973,0.0,C,1
SUPPLY073,1974,0.0,C,1
SUPPLY073,1975,0.0,C,1
SUPPLY073,1976,0.0,C,1
SUPPLY073,1977,0.0,C,1
SUPPLY073,1978,0.0,C,1
SUPPLY073,1979,0.0,C,1
SUPPLY073,1980,0.0,C,1
SUPPLY073,1981,0.0,C,1
SUPPLY073,1982,0.0,C,1
SUPPLY073,1983,0.0,C,1
SUPPLY073,1984,0.0,C,1
SUPPLY073,1985,0.0,C,1
SUPPLY073,1986,0.0,C,1
SUPPLY073,1987,0.0,C,1
SUPPLY073,1988,0.0,C,1
SUPPLY073,1989,0.0,C,1
SUPPLY073,1990,0.0,M,3
SUPPLY073,1991,0.0,A,0
SUPPLY073,1992,0.0,A,0
SUPPLY073,1993,0.0,A,0
SUPPLY073,1994,0.0,A,0
SUPPLY073,1995,0.0,A,0
SUPPLY073,1996,0.0,A,0
SUPPLY073,1997,0.0,A,0
SUPPLY073,1998,0.0,A,0
SUPPLY073,1999,0.0,A,0
SUPPLY073,2000,0.0,A,0
SUPPLY073,2001,0.0,A,0
SUPPLY073,2002,0.0,A,0
SUPPLY073,2003,0.0,A,0
SUPPLY073,2004,0.0,A,0
SUPPLY073,2005,0.0,A,0
SUPPLY073,2006,2.2,A,0
SUPPLY073,2007,3.3,A,0
SUPPLY073,2008,3.3,A,0
SUPPLY073,2009,3.3,A,0
SUPPLY073,2010,3.3,A,0
SUPPLY073,2011,3.3,A,0
SUPPLY073,2012,3.3,A,0
SUPPLY073,2013,3.3,A,0
SUPPLY073,2014,3.3,A,0
SUPPLY073,2015,3.3,A,0
SUPPLY073,2016,3.3,A,0
SUPPLY073,2017,3.3,A,0
SUPPLY073,2018,3.3,A,0
SUPPLY073,2019,3.3,A,0
SUPPLY073,2020,3.3,A,0
SUPPLY073,2021,3.3,A,0
SUPPLY073,2022,3.3,A,0
SUPPLY073,2023,3.3,A,0
SUPPLY073,2024,3.3,A,0
SUPPLY074,2004,0.0,C,1
SUPPLY074,2005,0.0,C,1
SUPPLY074,2006,0.0,C,1
SUPPLY074,2007,0.0,C,1
SUPPLY074,2008,0.0,C,1
SUPPLY074,2009,0.0,C,1
SUPPLY074,2010,0.0,C,1
SUPPLY074,2011,0.0,M,3
SUPPLY074,2012,0.0,A,0
SUPPLY074,2013,1.65,A,0
SUPPLY074,2014,3.3,A,0
SUPPLY074,2015,3.3,A,0
SUPPLY074,2016,3.3,A,0
SUPPLY074,2017,3.3,A,0
SUPPLY074,2018,4.575,A,0
SUPPLY074,2019,5.0,A,0
SUPPLY074,2020,5.0,A,0
SUPPLY074,2021,5.0,A,0
SUPPLY074,2022,5.0,A,0
SUPPLY074,2023,5.0,A,0
SUPPLY074,2024,5.0,A,0
SUPPLY075,1999,0.0,A,0
SUPPLY075,2000,0.0,A,0
SUPPLY075,2001,0.0,A,0
SUPPLY075,2002,0.0,A,0
SUPPLY075,2003,0.0,A,0
SUPPLY075,2004,0.0,A,0
SUPPLY075,2005,0.0,A,0
SUPPLY075,2006,2.2,A,0
SUPPLY075,2007,3.3,A,0
SUPPLY075,2008,3.3,A,0
SUPPLY075,2009,3.3,A,0
SUPPLY075,2010,3.3,A,0
SUPPLY075,2011,3.3,A,0
SUPPLY075,2012,3.3,A,0
SUPPLY075,2013,3.3,A,0
SUPPLY075,2014,3.3,A,0
SUPPLY075,2015,3.3,A,0
SUPPLY075,2016,3.3,A,0
SUPPLY075,2017,3.3,A,0
SUPPLY075,2018,3.3,A,0
SUPPLY075,2019,3.3,A,0
SUPPLY075,2020,3.3,A,0
SUPPLY075,2021,3.3,A,0
SUPPLY075,2022,3.3,A,0
SUPPLY075,2023,3.3,A,0
SUPPLY075,2024,3.3,A,0
SUPPLY076,1999,0.0,A,0
SUPPLY076,2000,0.0,A,0
SUPPLY076,2001,0.0,A,0
SUPPLY076,2002,0.0,A,0
SUPPLY076,2003,0.0,A,0
SUPPLY076,2004,0.0,A,0
SUPPLY076,2005,0.0,A,0
SUPPLY076,2006,2.2,A,0
SUPPLY076,2007,3.3,A,0
SUPPLY076,2008,3.3,A,0
SUPPLY076,2009,3.3,A,0
SUPPLY076,2010,3.3,A,0
SUPPLY076,2011,3.3,A,0
SUPPLY076,2012,3.3,A,0
SUPPLY076,2013,3.3,A,0
SUPPLY076,2014,3.3,A,0
SUPPLY076,2015,3.3,A,0
SUPPLY076,2016,3.3,A,0
SUPPLY076,2017,3.3,A,0
SUPPLY076,2018,3.3,A,0
SUPPLY076,2019,3.3,A,0
SUPPLY076,2020,3.3,A,0
SUPPLY076,2021,3.3,A,0
SUPPLY076,2022,3.3,A,0
SUPPLY076,2023,3.3,A,0
SUPPLY077,2006,0.0,C,1
SUPPLY077,2007,0.0,C,1
SUPPLY077,2008,0.0,C,1
SUPPLY077,2009,0.0,C,1
SUPPLY077,2010,0.0,C,1
SUPPLY077,2011,0.0,C,1
SUPPLY077,2012,0.0,C,1
SUPPLY077,2013,2.475,M,3
SUPPLY077,2014,3.3,A,0
SUPPLY077,2015,3.3,A,0
SUPPLY077,2016,3.3,A,0
SUPPLY077,2017,3.3,A,0
SUPPLY077,2018,3.3,A,0
SUPPLY077,2019,3.3,A,0
SUPPLY077,2020,3.3,A,0
SUPPLY077,2021,3.3,A,0
SUPPLY077,2022,3.3,A,0
SUPPLY077,2023,3.3,A,0
SUPPLY078,2003,0.0,C,1
SUPPLY078,2004,0.0,C,1
SUPPLY078,2005,0.0,C,1
SUPPLY078,2006,0.0,C,1
SUPPLY078,2007,0.0,C,1
SUPPLY078,2008,0.0,C,1
SUPPLY078,2009,4.125,M,3
SUPPLY078,2010,6.6,A,0
SUPPLY078,2011,6.6,A,0
SUPPLY078,2012,6.6,A,0
SUPPLY078,2013,6.6,A,0
SUPPLY078,2014,6.6,A,0
SUPPLY078,2015,6.6,A,0
SUPPLY078,2016,6.6,A,0
SUPPLY078,2017,6.6,A,0
SUPPLY078,2018,6.6,A,0
SUPPLY078,2019,6.6,A,0
SUPPLY078,2020,6.6,A,0
SUPPLY078,2021,6.6,A,0
SUPPLY078,2022,6.6,A,0
SUPPLY078,2023,6.6,A,0
SUPPLY078,2024,6.6,A,0
SUPPLY079,1999,0.0,A,0
SUPPLY079,2000,0.0,A,0
SUPPLY079,2001,0.0,A,0
SUPPLY079,2002,0.0,A,0
SUPPLY079,2003,0.0,A,0
SUPPLY079,2004,0.0,A,0
SUPPLY079,2005,0.0,A,0
SUPPLY079,2006,2.2,A,0
SUPPLY079,2007,3.3,A,0
SUPPLY079,2008,3.3,A,0
SUPPLY079,2009,3.3,A,0
SUPPLY079,2010,3.3,A,0
SUPPLY079,2011,3.3,A,0
SUPPLY079,2012,1.65,M,3
SUPPLY079,2013,0.0,C,1
SUPPLY079,2014,0.0,C,1
SUPPLY079,2015,2.2,M,3
SUPPLY079,2016,3.3,A,0
SUPPLY079,2017,3.3,A,0
SUPPLY079,2018,3.3,A,0
SUPPLY079,2019,3.3,A,0
SUPPLY079,2020,3.3,A,0
SUPPLY079,2021,3.3,A,0
SUPPLY079,2022,3.3,A,0
SUPPLY079,2023,3.3,A,0
SUPPLY079,2024,3.3,A,0
SUPPLY080,2003,0.0,C,1
SUPPLY080,2004,0.0,C,1
SUPPLY080,2005,0.0,C,1
SUPPLY080,2006,0.0,C,1
SUPPLY080,2007,0.0,C,1
SUPPLY080,2008,2.2,M,3
SUPPLY080,2009,3.3,A,0
SUPPLY080,2010,3.3,A,0
SUPPLY080,2011,3.3,A,0
SUPPLY080,2012,3.3,A,0
SUPPLY080,2013,3.3,A,0
SUPPLY080,2014,3.3,A,0
SUPPLY080,2015,3.3,A,0
SUPPLY080,2016,3.3,A,0
SUPPLY080,2017,3.3,A,0
SUPPLY080,2018,3.3,A,0
SUPPLY080,2019,3.3,A,0
SUPPLY080,2020,3.3,A,0
SUPPLY080,2021,3.3,A,0
SUPPLY081,1999,0.0,A,0
SUPPLY081,2000,0.0,A,0
SUPPLY081,2001,0.0,A,0
SUPPLY081,2002,0.0,A,0
SUPPLY081,2003,0.0,A,0
SUPPLY081,2004,0.0,A,0
SUPPLY081,2005,0.0,A,0
SUPPLY081,2006,2.2,A,0
SUPPLY081,2007,3.3,A,0
SUPPLY081,2008,3.3,A,0
SUPPLY081,2009,3.3,A,0
SUPPLY081,2010,3.3,A,0
SUPPLY081,2011,3.3,A,0
SUPPLY081,2012,3.3,A,0
SUPPLY081,2013,3.3,A,0
SUPPLY081,2014,3.3,A,0
SUPPLY081,2015,3.3,A,0
SUPPLY081,2016,3.3,A,0
SUPPLY081,2017,3.3,A,0
SUPPLY081,2018,3.3,A,0
SUPPLY081,2019,3.3,A,0
SUPPLY081,2020,3.3,A,0
SUPPLY081,2021,3.3,A,0
SUPPLY081,2022,3.3,A,0
SUPPLY081,2023,3.3,A,0
SUPPLY081,2024,3.3,A,0
SUPPLY082,1999,0.0,A,0
SUPPLY082,2000,0.0,A,0
SUPPLY082,2001,0.0,A,0
SUPPLY082,2002,0.0,A,0
SUPPLY082,2003,0.0,A,0
SUPPLY082,2004,0.0,A,0
SUPPLY082,2005,0.0,A,0
SUPPLY082,2006,1.467,A,0
SUPPLY082,2007,2.2,A,0
SUPPLY082,2008,2.2,A,0
SUPPLY082,2009,2.2,A,0
SUPPLY082,2010,2.2,A,0
SUPPLY082,2011,2.2,A,0
SUPPLY082,2012,2.2,A,0
SUPPLY082,2013,2.2,A,0
SUPPLY082,2014,2.2,A,0
SUPPLY082,2015,2.2,A,0
SUPPLY082,2016,2.2,A,0
SUPPLY082,2017,2.2,A,0
SUPPLY082,2018,2.2,A,0
SUPPLY082,2019,2.2,A,0
SUPPLY082,2020,2.2,A,0
SUPPLY082,2021,2.2,A,0
SUPPLY082,2022,2.2,A,0
SUPPLY082,2023,2.2,A,0
SUPPLY083,2009,2.64,M,3
SUPPLY083,2010,3.3,A,0
SUPPLY083,2011,3.3,A,0
SUPPLY083,2012,3.3,A,0
SUPPLY083,2013,3.3,A,0
SUPPLY083,2014,3.3,A,0
SUPPLY083,2015,3.3,A,0
SUPPLY083,2016,3.3,A,0
SUPPLY083,2017,2.64,M,3
SUPPLY083,2018,3.3,A,0
SUPPLY083,2019,3.3,A,0
SUPPLY083,2020,3.3,A,0
SUPPLY083,2021,3.3,A,0
SUPPLY083,2022,1.32,M,3
SUPPLY083,2023,3.3,A,0
SUPPLY083,2024,3.3,A,0
SUPPLY084,1999,0.0,A,0
SUPPLY084,2000,0.0,A,0
SUPPLY084,2001,0.0,A,0
SUPPLY084,2002,0.0,A,0
SUPPLY084,2003,0.0,A,0
SUPPLY084,2004,0.0,A,0
SUPPLY084,2005,0.0,A,0
SUPPLY084,2006,2.475,A,0
SUPPLY084,2007,3.3,A,0
SUPPLY084,2008,3.3,A,0
SUPPLY084,2009,3.3,A,0
SUPPLY084,2010,3.3,A,0
SUPPLY084,2011,1.98,A,0
SUPPLY084,2012,2.062,A,0
SUPPLY084,2013,3.3,A,0
SUPPLY084,2014,3.3,A,0
SUPPLY084,2015,3.3,A,0
SUPPLY084,2016,3.3,A,0
SUPPLY084,2017,3.3,A,0
SUPPLY084,2018,3.3,A,0
SUPPLY084,2019,3.3,A,0
SUPPLY084,2020,3.3,A,0
SUPPLY085,2005,0.0,A,0
SUPPLY085,2006,2.2,A,0
SUPPLY085,2007,3.3,A,0
SUPPLY085,2008,3.3,A,0
SUPPLY085,2009,3.3,A,0
SUPPLY085,2010,3.3,A,0
SUPPLY085,2011,3.3,A,0
SUPPLY085,2012,3.3,A,0
SUPPLY085,2013,3.3,A,0
SUPPLY085,2014,3.3,A,0
SUPPLY085,2015,3.3,A,0
SUPPLY085,2016,3.3,A,0
SUPPLY085,2017,3.3,A,0
SUPPLY085,2018,1.1,M,3
SUPPLY085,2019,0.0,C,1
SUPPLY085,2020,0.0,C,1
SUPPLY085,2021,0.0,C,1
SUPPLY085,2022,0.0,C,1
SUPPLY085,2023,0.0,C,1
SUPPLY086,1999,0.0,A,0
SUPPLY086,2000,0.0,A,0
SUPPLY086,2001,0.0,A,0
SUPPLY086,2002,0.0,A,0
SUPPLY086,2003,0.0,A,0
SUPPLY086,2004,0.0,A,0
SUPPLY086,2005,0.0,A,0
SUPPLY086,2006,2.2,A,0
SUPPLY086,2007,3.3,A,0
SUPPLY086,2008,3.3,A,0
SUPPLY086,2009,3.3,A,0
SUPPLY086,2010,3.3,A,0
SUPPLY086,2011,3.3,A,0
SUPPLY086,2012,3.3,A,0
SUPPLY086,2013,3.3,A,0
SUPPLY086,2014,3.3,A,0
SUPPLY086,2015,3.3,A,0
SUPPLY086,2016,3.3,A,0
SUPPLY086,2017,3.3,A,0
SUPPLY086,2018,3.3,A,0
SUPPLY086,2019,3.3,A,0
SUPPLY086,2020,3.3,A,0
SUPPLY086,2021,3.3,A,0
SUPPLY086,2022,3.3,A,0
SUPPLY086,2023,3.3,A,0
SUPPLY086,2024,3.3,A,0
SUPPLY087,2011,3.3,A,0
SUPPLY087,2012,3.3,A,0
SUPPLY087,2013,3.3,A,0
SUPPLY087,2014,3.3,A,0
SUPPLY087,2015,3.3,A,0
SUPPLY087,2016,3.3,A,0
SUPPLY087,2017,3.3,A,0
SUPPLY087,2018,3.3,A,0
SUPPLY087,2019,3.3,A,0
SUPPLY087,2020,3.3,A,0
SUPPLY087,2021,3.3,A,0
SUPPLY088,2011,1.65,A,0
SUPPLY088,2012,3.3,A,0
SUPPLY088,2013,3.3,A,0
SUPPLY088,2014,3.3,A,0
SUPPLY088,2015,3.3,A,0
SUPPLY088,2016,3.3,A,0
SUPPLY088,2017,3.3,A,0
SUPPLY088,2018,3.3,A,0
SUPPLY088,2019,3.3,A,0
SUPPLY088,2020,3.3,A,0
SUPPLY088,2021,3.3,A,0
SUPPLY088,2022,3.3,A,0
SUPPLY088,2023,3.3,A,0
SUPPLY088,2024,3.3,A,0
SUPPLY089,2011,3.3,A,0
SUPPLY089,2012,3.3,A,0
SUPPLY089,2013,2.31,M,3
SUPPLY089,2014,3.3,A,0
SUPPLY089,2015,3.3,A,0
SUPPLY089,2016,3.3,A,0
SUPPLY089,2017,3.3,A,0
SUPPLY089,2018,3.3,A,0
SUPPLY089,2019,3.3,A,0
SUPPLY089,2020,3.3,A,0
SUPPLY089,2021,3.3,A,0
SUPPLY089,2022,3.3,A,0
SUPPLY090,2012,2.64,M,3
SUPPLY090,2013,3.3,A,0
SUPPLY090,2014,3.3,A,0
SUPPLY090,2015,3.3,A,0
SUPPLY090,2016,3.3,A,0
SUPPLY090,2017,3.3,A,0
SUPPLY090,2018,3.3,A,0
SUPPLY090,2019,3.3,A,0
SUPPLY090,2020,3.3,A,0
SUPPLY091,2004,0.0,C,1
SUPPLY091,2005,0.0,C,1
SUPPLY091,2006,0.0,C,1
SUPPLY091,2007,0.0,C,1
SUPPLY091,2008,0.0,C,1
SUPPLY091,2009,0.0,C,1
SUPPLY091,2010,0.0,C,1
SUPPLY091,2011,0.0,M,3
SUPPLY091,2012,0.0,A,0
SUPPLY091,2013,1.65,A,0
SUPPLY091,2014,3.3,A,0
SUPPLY091,2015,3.3,A,0
SUPPLY091,2016,3.3,A,0
SUPPLY091,2017,3.3,A,0
SUPPLY091,2018,3.3,A,0
SUPPLY091,2019,3.3,A,0
SUPPLY091,2020,3.3,A,0
SUPPLY091,2021,3.3,A,0
SUPPLY091,2022,3.3,A,0
SUPPLY091,2023,3.3,A,0
SUPPLY092,2006,0.0,C,1
SUPPLY092,2007,0.0,C,1
SUPPLY092,2008,2.2,M,3
SUPPLY092,2009,1.65,M,3
SUPPLY092,2010,1.1,M,3
SUPPLY092,2011,3.3,A,0
SUPPLY092,2012,3.3,A,0
SUPPLY092,2013,3.3,A,0
SUPPLY092,2014,3.3,A,0
SUPPLY092,2015,3.3,A,0
SUPPLY092,2016,3.3,A,0
SUPPLY092,2017,3.3,A,0
SUPPLY092,2018,3.3,A,0
SUPPLY092,2019,3.3,A,0
SUPPLY092,2020,3.3,A,0
SUPPLY092,2021,3.3,A,0
SUPPLY092,2022,1.66,M,3
SUPPLY092,2023,5.0,A,0
SUPPLY093,1999,0.0,A,0
SUPPLY093,2000,0.0,A,0
SUPPLY093,2001,0.0,A,0
SUPPLY093,2002,0.0,A,0
SUPPLY093,2003,0.0,A,0
SUPPLY093,2004,0.0,A,0
SUPPLY093,2005,0.0,A,0
SUPPLY093,2006,2.2,A,0
SUPPLY093,2007,3.3,A,0
SUPPLY093,2008,3.3,A,0
SUPPLY093,2009,3.3,A,0
SUPPLY093,2010,3.3,A,0
SUPPLY093,2011,3.3,A,0
SUPPLY093,2012,3.3,A,0
SUPPLY093,2013,3.3,A,0
SUPPLY093,2014,3.3,A,0
SUPPLY093,2015,3.3,A,0
SUPPLY093,2016,3.3,A,0
SUPPLY093,2017,3.3,A,0
SUPPLY093,2018,3.3,A,0
SUPPLY093,2019,3.3,A,0
SUPPLY093,2020,3.3,A,0
SUPPLY093,2021,3.3,A,0
SUPPLY093,2022,3.3,A,0
SUPPLY094,2016,3.3,M,3
SUPPLY094,2017,3.3,A,0
SUPPLY094,2018,3.3,A,0
SUPPLY094,2019,1.1,M,3
SUPPLY094,2020,0.66,M,3
SUPPLY094,2021,1.1,M,3
SUPPLY095,1999,0.0,A,0
SUPPLY095,2000,0.0,A,0
SUPPLY095,2001,0.0,A,0
SUPPLY095,2002,0.0,A,0
SUPPLY095,2003,0.0,A,0
SUPPLY095,2004,0.0,A,0
SUPPLY095,2005,0.0,A,0
SUPPLY095,2006,2.2,A,0
SUPPLY095,2007,3.3,A,0
SUPPLY095,2008,3.3,A,0
SUPPLY095,2009,3.3,A,0
SUPPLY095,2010,3.3,A,0
SUPPLY095,2011,3.3,A,0
SUPPLY095,2012,3.3,A,0
SUPPLY095,2013,3.3,A,0
SUPPLY095,2014,3.3,A,0
SUPPLY095,2015,3.3,A,0
SUPPLY095,2016,3.3,A,0
SUPPLY095,2017,3.3,A,0
SUPPLY095,2018,3.3,A,0
SUPPLY095,2019,3.3,A,0
SUPPLY095,2020,3.3,A,0
SUPPLY095,2021,3.3,A,0
SUPPLY095,2022,3.3,A,0
SUPPLY095,2023,3.3,A,0
SUPPLY095,2024,3.3,A,0
SUPPLY096,1999,0.0,A,0
SUPPLY096,2000,0.0,A,0
SUPPLY096,2001,0.0,A,0
SUPPLY096,2002,0.0,A,0
SUPPLY096,2003,0.0,A,0
SUPPLY096,2004,0.0,A,0
SUPPLY096,2005,0.0,A,0
SUPPLY096,2006,2.2,A,0
SUPPLY096,2007,3.3,A,0
SUPPLY096,2008,3.3,A,0
SUPPLY096,2009,3.3,A,0
SUPPLY096,2010,3.3,A,0
SUPPLY096,2011,3.3,A,0
SUPPLY096,2012,3.3,A,0
SUPPLY096,2013,3.3,A,0
SUPPLY096,2014,3.3,A,0
SUPPLY096,2015,3.3,A,0
SUPPLY096,2016,3.3,A,0
SUPPLY096,2017,3.3,A,0
SUPPLY096,2018,3.3,A,0
SUPPLY096,2019,3.3,A,0
SUPPLY096,2020,3.3,A,0
SUPPLY096,2021,3.3,A,0
SUPPLY096,2022,3.3,A,0
SUPPLY097,1999,0.0,A,0
SUPPLY097,2000,0.0,A,0
SUPPLY097,2001,0.0,A,0
SUPPLY097,2002,0.0,A,0
SUPPLY097,2003,0.0,A,0
SUPPLY097,2004,0.0,A,0
SUPPLY097,2005,0.0,A,0
SUPPLY097,2006,0.4,A,0
SUPPLY097,2007,1.5,A,0
SUPPLY097,2008,3.3,A,0
SUPPLY097,2009,3.3,A,0
SUPPLY097,2010,3.3,A,0
SUPPLY097,2011,3.3,A,0
SUPPLY097,2012,3.3,A,0
SUPPLY097,2013,3.3,A,0
SUPPLY097,2014,3.3,A,0
SUPPLY097,2015,3.3,A,0
SUPPLY097,2016,3.3,A,0
SUPPLY097,2017,3.3,A,0
SUPPLY097,2018,3.3,A,0
SUPPLY097,2019,3.3,A,0
SUPPLY097,2020,3.3,A,0
SUPPLY097,2021,3.3,A,0
SUPPLY097,2022,3.3,A,0
SUPPLY097,2023,3.3,A,0
SUPPLY097,2024,3.3,A,0
SUPPLY098,1999,0.0,A,0
SUPPLY098,2000,0.0,A,0
SUPPLY098,2001,0.0,A,0
SUPPLY098,2002,0.0,A,0
SUPPLY098,2003,0.0,A,0
SUPPLY098,2004,0.0,A,0
SUPPLY098,2005,0.0,A,0
SUPPLY098,2006,4.4,A,0
SUPPLY098,2007,6.6,A,0
SUPPLY098,2008,6.6,A,0
SUPPLY098,2009,6.6,A,0
SUPPLY098,2010,6.6,A,0
SUPPLY098,2011,6.6,A,0
SUPPLY098,2012,6.6,A,0
SUPPLY098,2013,6.6,A,0
SUPPLY098,2014,6.6,A,0
SUPPLY098,2015,6.6,A,0
SUPPLY098,2016,6.6,A,0
SUPPLY098,2017,6.6,A,0
SUPPLY098,2018,6.6,A,0
SUPPLY098,2019,6.6,A,0
SUPPLY098,2020,6.6,A,0
SUPPLY098,2021,6.6,A,0
SUPPLY098,2022,6.6,A,0
SUPPLY098,2023,6.6,A,0
SUPPLY098,2024,6.6,A,0
SUPPLY098,2025,6.6,A,0
SUPPLY099,2003,0.0,C,1
SUPPLY099,2004,0.0,C,1
SUPPLY099,2005,0.0,C,1
SUPPLY099,2006,2.2,M,3
SUPPLY099,2007,3.3,A,0
SUPPLY099,2008,3.3,A,0
SUPPLY099,2009,3.3,A,0
SUPPLY099,2010,3.3,A,0
SUPPLY099,2011,3.3,A,0
SUPPLY099,2012,2.2,M,3
SUPPLY099,2013,0.0,C,1
SUPPLY099,2014,1.65,M,3
SUPPLY099,2015,3.3,A,0
SUPPLY099,2016,3.3,A,0
SUPPLY099,2017,3.3,A,0
SUPPLY099,2018,3.3,A,0
SUPPLY099,2019,3.3,A,0
SUPPLY099,2020,3.3,A,0
SUPPLY099,2021,3.3,A,0
SUPPLY100,2003,0.0,C,1
SUPPLY100,2004,0.0,C,1
SUPPLY100,2005,0.0,M,3
SUPPLY100,2006,3.333,A,0
SUPPLY100,2007,5.8,A,0
SUPPLY100,2008,6.6,A,0
SUPPLY100,2009,6.6,A,0
SUPPLY100,2010,5.933,A,0
SUPPLY100,2011,5.0,A,0
SUPPLY100,2012,5.0,A,0
SUPPLY100,2013,5.0,A,0
SUPPLY100,2014,5.0,A,0
SUPPLY100,2015,4.15,A,0
SUPPLY100,2016,3.3,A,0
SUPPLY100,2017,3.3,A,0
SUPPLY100,2018,3.3,A,0
SUPPLY100,2019,3.3,A,0
SUPPLY100,2020,3.3,A,0
